Date,PB_sales,Pplay_Sales,Pot,Price_Per_Tix,Num_Tix
4/13/2019,31326012,3464933,101,2,15663006
4/10/2019,26521906,2976932,84,2,13260953
4/6/2019,29051180,3321871,68,2,14525590
4/3/2019,26437826,3006024,54,2,13218913
3/30/2019,29940006,3383737,40,2,14970003
3/27/2019,268121884,19510057,768.4,2,134060942
3/23/2019,180596274,13655216,625,2,90298137
3/20/2019,142059682,10659299,550,2,71029841
3/16/2019,92996352,7622979,495,2,46498176
3/13/2019,74586756,6187631,448,2,37293378
3/9/2019,68792532,6031686,414,2,34396266
3/6/2019,52008350,4703458,381,2,26004175
3/2/2019,52518062,4935034,348,2,26259031
2/27/2019,44592024,4069603,322,2,22296012
2/23/2019,45766604,4304748,304,2,22883302
2/20/2019,36639354,3464733,282,2,18319677
2/16/2019,39845202,3860406,260,2,19922601
2/13/2019,35041034,3341850,242,2,17520517
2/9/2019,37420258,3685449,224,2,18710129
2/6/2019,33693472,3222982,204,2,16846736
2/2/2019,34817016,3554156,191,2,17408508
1/30/2019,29129006,2900720,174,2,14564503
1/26/2019,31955010,3288600,161,2,15977505
1/23/2019,27564294,2802352,144,2,13782147
1/19/2019,31171388,3221219,129,2,15585694
1/16/2019,27117258,2808251,112,2,13558629
1/12/2019,27908520,3012201,96,2,13954260
1/9/2019,24147638,2580772,82,2,12073819
1/5/2019,25968734,2872279,69,2,12984367
1/2/2019,25950558,2687385,53,2,12975279
12/29/2018,28671968,3069411,40,2,14335984
12/26/2018,43501602,3908164,298.3,2,21750801
12/22/2018,38994362,3801620,281,2,19497181
12/19/2018,33480578,3286082,262,2,16740289
12/15/2018,35483600,3590342,246,2,17741800
12/12/2018,31379884,3148165,230,2,15689942
12/8/2018,33448932,3480604,217,2,16724466
12/5/2018,30543054,3096346,200,2,15271527
12/1/2018,31609290,3360984,183,2,15804645
11/28/2018,27877814,2899590,171,2,13938907
11/24/2018,28250576,3053742,155,2,14125288
11/21/2018,30136074,3111758,139,2,15068037
11/17/2018,30385258,3265669,124,2,15192629
11/14/2018,26871040,2822472,107,2,13435520
11/10/2018,28910624,3142387,92,2,14455312
11/7/2018,25704060,2779857,71,2,12852030
11/3/2018,29445326,3274431,53,2,14722663
10/31/2018,27779792,2973968,40,2,13889896
10/27/2018,172827840,12960191,687.8,2,86413920
10/24/2018,239698028,16498213,620,2,119849014
10/20/2018,181349524,13130011,430,2,90674762
10/17/2018,111342204,8361372,345,2,55671102
10/13/2018,67461068,5684268,314,2,33730534
10/10/2018,48050510,4174657,282,2,24025255
10/6/2018,45213008,4216248,253,2,22606504
10/3/2018,37318426,3523069,229,2,18659213
9/29/2018,37015830,3668523,213,2,18507915
9/26/2018,30337722,3007942,193,2,15168861
9/22/2018,31598040,3233931,178,2,15799020
9/19/2018,27395698,2781752,163,2,13697849
9/15/2018,29733888,3059648,147,2,14866944
9/12/2018,26297552,2707503,132,2,13148776
9/8/2018,28315432,3014676,114,2,14157716
9/5/2018,24136414,2567574,100,2,12068207
9/1/2018,26042204,2878473,90,2,13021102
8/29/2018,21737270,2368323,80,2,10868635
8/25/2018,24605038,2729994,70,2,12302519
8/22/2018,21466574,2366192,60,2,10733287
8/18/2018,24232630,2683160,50,2,12116315
8/15/2018,21516982,2356079,40,2,10758491
8/11/2018,44202534,4054189,245.6,2,22101267
8/8/2018,40026648,3620810,223,2,20013324
8/4/2018,40160196,3768385,203,2,20080098
8/1/2018,32829698,3129202,187,2,16414849
7/28/2018,33377746,3328817,168,2,16688873
7/25/2018,35691998,3352231,147,2,17845999
7/21/2018,34669862,3449971,130,2,17334931
7/18/2018,27916646,2837254,110,2,13958323
7/14/2018,30023546,3130854,100,2,15011773
7/11/2018,23623992,2511499,90,2,11811996
7/7/2018,25167654,2764361,80,2,12583827
7/4/2018,21648058,2337861,70,2,10824029
6/30/2018,24592874,2751152,60,2,12296437
6/27/2018,21089532,2318905,50,2,10544766
6/23/2018,24224306,2675090,40,2,12112153
6/20/2018,28824036,2895375,150.4,2,14412018
6/16/2018,31639224,3254532,137,2,15819612
6/13/2018,27631664,2827372,121,2,13815832
6/9/2018,29527152,3110713,105,2,14763576
6/6/2018,24522080,2653442,87,2,12261040
6/2/2018,27371306,3038277,74,2,13685653
5/30/2018,22131814,2449870,60,2,11065907
5/26/2018,25745054,2872889,50,2,12872527
5/23/2018,22910442,2512406,40,2,11455221
5/19/2018,53547824,4714367,315,2,26773912
5/16/2018,43653326,3859160,280,2,21826663
5/12/2018,45947538,4164623,257,2,22973769
5/9/2018,40479512,3667166,233,2,20239756
5/5/2018,40602162,3846314,215,2,20301081
5/2/2018,34439020,3277430,195,2,17219510
4/28/2018,36210458,3514071,177,2,18105229
4/25/2018,31911952,3078550,158,2,15955976
4/21/2018,34586912,3438946,142,2,17293456
4/18/2018,29848500,2914882,122,2,14924250
4/14/2018,32426648,3329395,106,2,16213324
4/11/2018,26108290,2740192,89,2,13054145
4/7/2018,28615434,3073768,74,2,14307717
4/4/2018,23836474,2582584,60,2,11918237
3/31/2018,31875956,3267697,50,2,15937978
3/28/2018,24894038,2658286,40,2,12447019
3/24/2018,28206532,3042449,55.9,2,14103266
3/21/2018,24681712,2643891,40,2,12340856
3/17/2018,89582428,7167254,456.7,2,44791214
3/14/2018,72492378,5791371,420,2,36246189
3/10/2018,63191186,5400940,385,2,31595593
3/7/2018,54714824,4684704,348,2,27357412
3/3/2018,55422738,4990306,321,2,27711369
2/28/2018,45712126,4036180,293,2,22856063
2/24/2018,45733736,4236231,269,2,22866868
2/21/2018,39219666,3553199,246,2,19609833
2/17/2018,42525078,3943518,223,2,21262539
2/14/2018,37030108,3460453,203,2,18515054
2/10/2018,36681166,3588581,184,2,18340583
2/7/2018,31305276,3082689,165,2,15652638
2/3/2018,35875122,3673128,145,2,17937561
1/31/2018,30194364,2988579,127,2,15097182
1/27/2018,33101656,3351034,112,2,16550828
1/24/2018,27141800,2780001,92,2,13570900
1/20/2018,30049118,3123436,78,2,15024559
1/17/2018,24774300,2560890,62,2,12387150
1/13/2018,28587842,3029208,50,2,14293921
1/10/2018,26996476,2788211,40,2,13498238
1/6/2018,201692088,14415080,559.7,2,100846044
1/3/2018,149143678,10399717,460,2,74571839
12/30/2017,114268872,8661334,384,2,57134436
12/27/2017,63996728,5052494,337,2,31998364
12/23/2017,66703416,5417829,300,2,33351708
12/20/2017,48535172,4109136,269,2,24267586
12/16/2017,45240888,4039509,250,2,22620444
12/13/2017,38638204,3441040,229,2,19319102
12/9/2017,38259490,3510504,212,2,19129745
12/6/2017,32978968,3105536,193,2,16489484
12/2/2017,33842134,3144938,177,2,16921067
11/29/2017,29306014,2662866,163,2,14653007
11/25/2017,28442720,2721992,149,2,14221360
11/22/2017,29925352,2767370,134,2,14962676
11/18/2017,29509730,2807194,119,2,14754865
11/15/2017,26385356,2502567,103,2,13192678
11/11/2017,26639324,2627599,90,2,13319662
11/8/2017,23435234,2337920,75,2,11717617
11/4/2017,25735618,2584601,64,2,12867809
11/1/2017,22186600,2255609,52,2,11093300
10/28/2017,24373782,2465682,40,2,12186891
10/25/2017,34858690,3045883,191,2,17429345
10/21/2017,35624078,3233638,173,2,17812039
10/18/2017,31371272,2859066,156,2,15685636
10/14/2017,32707574,3061935,143,2,16353787
10/11/2017,28477244,2686743,128,2,14238622
10/7/2017,30185504,2919885,112,2,15092752
10/4/2017,25693148,2553726,94,2,12846574
9/30/2017,27008488,2723829,80,2,13504244
9/27/2017,23303788,2348361,66,2,11651894
9/23/2017,24972612,2572387,53,2,12486306
9/20/2017,22491096,2604402,40,2,11245548
9/16/2017,33006810,3344676,132,2,16503405
9/13/2017,28866102,2894781,115,2,14433051
9/9/2017,31563578,3176666,102,2,15781789
9/6/2017,26795516,2717247,83,2,13397758
9/2/2017,30533970,3324657,68,2,15266985
8/30/2017,26629554,2842126,53,2,13314777
8/26/2017,30726184,3293831,40,2,15363092
8/23/2017,457683204,29827564,758.7,2,228841602
8/19/2017,227374398,15519003,535,2,113687199
8/16/2017,129941192,9255981,430,2,64970596
8/12/2017,107894982,8149617,356,2,53947491
8/9/2017,76183440,5964993,307,2,38091720
8/5/2017,57610230,5000291,286,2,28805115
8/2/2017,41757190,3778100,261,2,20878595
7/29/2017,42451532,3952777,239,2,21225766
7/26/2017,36596148,3375550,220,2,18298074
7/22/2017,37852066,3615234,205,2,18926033
7/19/2017,32074744,3092938,187,2,16037372
7/15/2017,34337890,3374244,172,2,17168945
7/12/2017,30129106,2936813,155,2,15064553
7/8/2017,31734290,3200108,140,2,15867145
7/5/2017,26095178,2649109,121,2,13047589
7/1/2017,29542492,3097862,106,2,14771246
6/28/2017,24563314,2584623,92,2,12281657
6/24/2017,26136296,2811853,79,2,13068148
6/21/2017,22935404,2461796,64,2,11467702
6/17/2017,25546894,2770104,52,2,12773447
6/14/2017,23023054,2426778,40,2,11511527
6/10/2017,134117452,9453046,448.7,2,67058726
6/7/2017,89237106,6474800,375,2,44618553
6/3/2017,77393730,6005951,337,2,38696865
5/31/2017,61706222,4780775,302,2,30853111
5/27/2017,53974574,4468048,275,2,26987287
5/24/2017,47345376,3873175,250,2,23672688
5/20/2017,46889334,4058813,228,2,23444667
5/17/2017,41945038,3594560,204,2,20972519
5/13/2017,38860452,3574279,184,2,19430226
5/10/2017,34333024,3149523,165,2,17166512
5/6/2017,35216844,3368587,147,2,17608422
5/3/2017,31192354,2991480,130,2,15596177
4/29/2017,31809628,3192494,113,2,15904814
4/26/2017,28452234,2782692,100,2,14226117
4/22/2017,28016384,2909522,90,2,14008192
4/19/2017,24172228,2514027,80,2,12086114
4/15/2017,26616188,2771396,70,2,13308094
4/12/2017,23049888,2440268,60,2,11524944
4/8/2017,24961042,2703745,50,2,12480521
4/5/2017,22090536,2379140,40,2,11045268
4/1/2017,25902820,2840504,60,2,12951410
3/29/2017,22467958,2421512,50,2,11233979
3/25/2017,25737424,2775694,40,2,12868712
3/22/2017,32554602,3161182,155,2,16277301
3/18/2017,34900242,3486217,141,2,17450121
3/15/2017,29851224,2995984,123,2,14925612
3/11/2017,32550214,3344208,104,2,16275107
3/8/2017,26936478,2847616,85,2,13468239
3/4/2017,28868654,3154145,68,2,14434327
3/1/2017,25012404,2648030,53,2,12506202
2/25/2017,27777408,2910938,40,2,13888704
2/22/2017,149905498,10185004,435.3,2,74952749
2/18/2017,83331392,6274039,349,2,41665696
2/15/2017,67509258,5153428,310,2,33754629
2/11/2017,56292320,4652739,285,2,28146160
2/8/2017,49916734,4066235,255,2,24958367
2/4/2017,49276582,4201107,229,2,24638291
2/1/2017,41339944,3529639,206,2,20669972
1/28/2017,37642712,3484916,187,2,18821356
1/25/2017,31178460,2962730,170,2,15589230
1/21/2017,33115134,3238280,153,2,16557567
1/18/2017,28308190,2800057,135,2,14154095
1/14/2017,31820822,3175470,121,2,15910411
1/11/2017,26361692,2645418,106,2,13180846
1/7/2017,26368706,2702423,94,2,13184353
1/4/2017,23867632,2473928,80,2,11933816
12/31/2016,32118732,3258262,70,2,16059366
12/28/2016,22553992,2370877,60,2,11276996
12/24/2016,30022848,3015772,50,2,15011424
12/21/2016,22726668,2373591,40,2,11363334
12/17/2016,32263346,3126813,121.6,2,16131673
12/14/2016,29458404,2804505,100,2,14729202
12/10/2016,28258756,2860048,85,2,14129378
12/7/2016,24610904,2499693,67,2,12305452
12/3/2016,26782142,2793293,54,2,13391071
11/30/2016,23145668,2351607,40,2,11572834
11/26/2016,94533644,6840650,420.9,2,47266822
11/23/2016,74294276,5500368,359,2,37147138
11/19/2016,60763296,4818669,320,2,30381648
11/16/2016,50086188,4017932,293,2,25043094
11/12/2016,46889864,4013756,258,2,23444932
11/9/2016,41636032,3502988,236,2,20818016
11/5/2016,42956768,3802515,217,2,21478384
11/2/2016,35891196,3228429,198,2,17945598
10/29/2016,35303704,3310695,180,2,17651852
10/26/2016,31304674,2900486,164,2,15652337
10/22/2016,33173498,3173518,151,2,16586749
10/19/2016,29294512,2770496,136,2,14647256
10/15/2016,31370892,3066567,122,2,15685446
10/12/2016,27079104,2658174,107,2,13539552
10/8/2016,27361708,2805904,91,2,13680854
10/5/2016,24639824,2553941,80,2,12319912
10/1/2016,27058640,2883956,70,2,13529320
9/28/2016,23116626,2416779,60,2,11558313
9/24/2016,25267522,2652582,50,2,12633761
9/21/2016,22462360,2311038,40,2,11231180
9/17/2016,44231724,3971731,244,2,22115862
9/14/2016,39590258,3493659,222,2,19795129
9/10/2016,40342579,3724955,205,2,20171289.5
9/7/2016,33546728,3121924,186,2,16773364
9/3/2016,37152208,3559387,170,2,18576104
8/31/2016,32026026,2993551,154,2,16013013
8/27/2016,34481088,3314556,142,2,17240544
8/24/2016,30629692,2907726,127,2,15314846
8/20/2016,32849886,3233267,110,2,16424943
8/17/2016,27911078,2770792,94,2,13955539
8/13/2016,30029386,3070202,82,2,15014693
8/10/2016,26374638,2665046,67,2,13187319
8/6/2016,29037382,2976605,52,2,14518691
8/3/2016,27186128,2704867,40,2,13593064
7/29/2016,136722250,9400694,487,2,68361125
7/26/2016,100687710,7061377,422,2,50343855
7/23/2016,67447786,5286268,390,2,33723893
7/20/2016,58703720,4648849,361,2,29351860
7/16/2016,57802204,4822969,333,2,28901102
7/13/2016,51529112,4244942,311,2,25764556
7/9/2016,56912314,4869927,288,2,28456157
7/6/2016,51580224,4368361,257,2,25790112
7/2/2016,51203844,4580648,243,2,25601922
6/29/2016,39756020,3581864,222,2,19878010
6/25/2016,38946942,3723221,203,2,19473471
6/22/2016,32290936,3133890,184,2,16145468
6/18/2016,33986378,3378526,169,2,16993189
6/15/2016,30117464,2980922,153,2,15058732
6/11/2016,31869688,3231680,141,2,15934844
6/8/2016,28791514,2898268,123,2,14395757
6/4/2016,31161584,3228115,110,2,15580792
6/1/2016,26769328,2742774,100,2,13384664
5/28/2016,27774836,2970047,90,2,13887418
5/25/2016,24610048,2618702,80,2,12305024
5/21/2016,27239338,2925160,70,2,13619669
5/18/2016,24260628,2599084,60,2,12130314
5/14/2016,26710594,2848809,50,2,13355297
5/11/2016,24572226,2530420,40,2,12286113
5/7/2016,147961958,10000844,429,2,73980979
5/4/2016,91372322,6543617,361,2,45686161
4/30/2016,61976652,5059272,314,2,30988326
4/27/2016,49148452,4091488,282,2,24574226
4/23/2016,47407264,4098868,251,2,23703632
4/20/2016,43028710,3680740,227,2,21514355
4/16/2016,42463458,3835937,205,2,21231729
4/13/2016,35666504,3286958,184,2,17833252
4/9/2016,36083820,3454976,168,2,18041910
4/6/2016,32345444,3122114,148,2,16172722
4/2/2016,34201448,3437170,135,2,17100724
3/30/2016,29665490,2952127,116,2,14832745
3/26/2016,32052008,3183362,101,2,16026004
3/23/2016,26728382,2751024,90,2,13364191
3/19/2016,28461130,3012116,80,2,14230565
3/16/2016,25639626,2702203,70,2,12819813
3/12/2016,27640256,2979576,60,2,13820128
3/9/2016,24962442,2679607,50,2,12481221
3/5/2016,29205358,3110256,40,2,14602679
3/2/2016,51538444,4409707,291.4,2,25769222
2/27/2016,50206284,4502871,266,2,25103142
2/24/2016,45245596,4003501,236,2,22622798
2/20/2016,45731386,4171396,212,2,22865693
2/17/2016,37750784,3517675,189,2,18875392
2/13/2016,40079550,3832816,171,2,20039775
2/10/2016,36547620,3458539,157,2,18273810
2/6/2016,38882640,3840645,136,2,19441320
2/3/2016,35512044,3499156,112,2,17756022
1/30/2016,35939628,3692738,96,2,17969814
1/27/2016,32033346,3297846,75,2,16016673
1/23/2016,33437096,3480880,60,2,16718548
1/20/2016,35845424,3498218,50,2,17922712
1/16/2016,48484312,4555607,40,2,24242156
1/13/2016,1270206274,73128409,1580,2,635103137
1/9/2016,880642344,49356071,947.9,2,440321172
1/6/2016,352287260,20349888,528.5,2,176143630
1/2/2016,108257204,7547996,334,2,54128602
12/30/2015,81857312,5760737,300,2,40928656
12/26/2015,52097324,4172123,255,2,26048662
12/23/2015,54319258,4243966,227,2,27159629
12/19/2015,46794394,3926457,202,2,23397197
12/16/2015,36957036,3191783,180,2,18478518
12/12/2015,36662540,3316183,164,2,18331270
12/9/2015,32622162,2923265,145,2,16311081
12/5/2015,32694022,3077783,127,2,16347011
12/2/2015,28787014,2683235,110,2,14393507
11/28/2015,26971156,2690519,100,2,13485578
11/25/2015,26087034,2602355,90,2,13043517
11/21/2015,25097524,2603070,80,2,12548762
11/18/2015,22075844,2298678,70,2,11037922
11/14/2015,24231802,2585112,60,2,12115901
11/11/2015,20825416,2213546,50,2,10412708
11/7/2015,23900282,2547374,40,2,11950141
11/4/2015,32324762,3049370,142,2,16162381
10/31/2015,32751414,3177738,127,2,16375707
10/28/2015,27942176,2684132,110,2,13971088
10/24/2015,30270326,2955762,100,2,15135163
10/21/2015,24895028,2496709,90,2,12447514
10/17/2015,26255326,2700970,80,2,13127663
10/14/2015,23219104,2380290,70,2,11609552
10/10/2015,24599042,2562917,60,2,12299521
10/7/2015,21151912,2159819,50,2,10575956
10/3/2015,24893024,2568995,40,2,12446512
9/30/2015,99784900,6731485,310.5,2,49892450
9/26/2015,64156118,4929092,267,2,32078059
9/23/2015,57254160,4371191,235,2,28627080
9/19/2015,50682002,4162664,208,2,25341001
9/16/2015,40527626,3528968,185,2,20263813
9/12/2015,38171638,3490075,167,2,19085819
9/9/2015,32494668,2971895,149,2,16247334
9/5/2015,34564486,3277294,133,2,17282243
9/2/2015,30738428,2871876,120,2,15369214
8/29/2015,31535718,2999555,110,2,15767859
8/26/2015,28627382,2667633,100,2,14313691
8/22/2015,27132588,2702129,90,2,13566294
8/19/2015,23742834,2346269,80,2,11871417
8/15/2015,25442820,2575041,70,2,12721410
8/12/2015,22232156,2229539,60,2,11116078
8/8/2015,23689534,2450246,50,2,11844767
8/5/2015,21058200,2165601,40,2,10529100
8/1/2015,31901522,3086133,110,2,15950761
7/29/2015,28070122,2611097,100,2,14035061
7/25/2015,26358258,2622866,90,2,13179129
7/22/2015,22467226,2267405,80,2,11233613
7/18/2015,24064320,2482183,70,2,12032160
7/15/2015,21243282,2186623,60,2,10621641
7/11/2015,23136218,2407677,50,2,11568109
7/8/2015,20566096,2133924,40,2,10283048
7/4/2015,24472568,2519122,70,2,12236284
7/1/2015,21975838,2267410,60,2,10987919
6/27/2015,23500392,2446148,50,2,11750196
6/24/2015,20860316,2140487,40,2,10430158
6/20/2015,26742492,2675807,80,2,13371246
6/17/2015,23542344,2356631,70,2,11771172
6/13/2015,25204170,2597997,60,2,12602085
6/10/2015,22393990,2290099,50,2,11196995
6/6/2015,25094816,2559181,40,2,12547408
6/3/2015,39856036,3500411,188,2,19928018
5/30/2015,39170600,3582846,171,2,19585300
5/27/2015,33084166,3000390,154,2,16542083
5/23/2015,35166946,3280823,138,2,17583473
5/20/2015,30597828,2863077,121,2,15298914
5/16/2015,31492778,3052200,110,2,15746389
5/13/2015,27903836,2678405,100,2,13951918
5/9/2015,27583482,2778726,90,2,13791741
5/6/2015,24320232,2430169,80,2,12160116
5/2/2015,26577550,2719893,70,2,13288775
4/29/2015,22565040,2299011,60,2,11282520
4/25/2015,24644804,2541675,50,2,12322402
4/22/2015,21680554,2221417,40,2,10840277
4/18/2015,25253474,2565681,50,2,12626737
4/15/2015,22473488,2282400,40,2,11236744
4/11/2015,28787694,2798883,80,2,14393847
4/8/2015,25547016,2500393,70,2,12773508
4/4/2015,28025420,2718966,60,2,14012710
4/1/2015,24503400,2433712,50,2,12251700
3/28/2015,25740984,2584432,40,2,12870492
3/25/2015,22958302,1202876,40,2,11479151
3/21/2015,26736720,2694618,50,2,13368360
3/18/2015,24374382,2436480,40,2,12187191
3/14/2015,39203604,3527630,137,2,19601802
3/11/2015,34576508,3102403,119,2,17288254
3/7/2015,35464016,3300377,100,2,17732008
3/4/2015,30138652,2864060,90,2,15069326
2/28/2015,29968068,2942250,80,2,14984034
2/25/2015,26701900,2610165,70,2,13350950
2/21/2015,27764748,2759797,60,2,13882374
2/18/2015,24750436,2438531,50,2,12375218
2/14/2015,29011614,2803257,40,2,14505807
2/11/2015,379050492,20556575,564.1,2,189525246
2/7/2015,146267368,9096390,394.9,2,73133684
2/4/2015,96760010,6450926,317,2,48380005
1/31/2015,73285296,5296084,289,2,36642648
1/28/2015,57972284,4207341,261,2,28986142
1/24/2015,55412660,4200267,230,2,27706330
1/21/2015,47474024,3598382,208,2,23737012
1/17/2015,42990736,3609281,194,2,21495368
1/14/2015,36241790,3068252,176,2,18120895
1/10/2015,36403186,3167408,162,2,18201593
1/7/2015,32096042,2774416,146,2,16048021
1/3/2015,32024614,2943548,131,2,16012307
12/31/2014,35143390,3064057,120,2,17571695
12/27/2014,28093884,2634320,110,2,14046942
12/24/2014,33880826,2935614,100,2,16940413
12/20/2014,26829430,2565619,90,2,13414715
12/17/2014,23325824,2238237,80,2,11662912
12/13/2014,25457952,2483276,70,2,12728976
12/10/2014,21940372,2147819,60,2,10970186
12/6/2014,23826250,2361364,50,2,11913125
12/3/2014,21189316,2100954,40,2,10594658
11/29/2014,25571126,2447023,90,2,12785563
11/26/2014,25597082,2359117,80,2,12798541
11/22/2014,26230686,2468558,70,2,13115343
11/19/2014,22623050,2137621,60,2,11311525
11/15/2014,25229772,2414172,50,2,12614886
11/12/2014,22622144,2128350,40,2,11311072
11/8/2014,47860870,3728969,203,2,23930435
11/5/2014,40186958,3227821,178,2,20093479
11/1/2014,38310224,3289309,159,2,19155112
10/29/2014,33638806,2840571,142,2,16819403
10/25/2014,34320960,2999860,125,2,17160480
10/22/2014,30426498,2675412,110,2,15213249
10/18/2014,31630790,2862639,100,2,15815395
10/15/2014,24940694,2349706,90,2,12470347
10/11/2014,26694518,2560793,80,2,13347259
10/8/2014,23752172,2286287,70,2,11876086
10/4/2014,25898918,2513826,60,2,12949459
10/1/2014,23152118,2260232,50,2,11576059
9/27/2014,25300628,2304387,40,2,12650314
9/24/2014,60074636,4031725,225,2,30037318
9/20/2014,50509168,3653219,196,2,25254584
9/17/2014,42070548,3140510,171,2,21035274
9/13/2014,39889050,3154867,149,2,19944525
9/10/2014,34954718,2767681,127,2,17477359
9/6/2014,34927144,2876984,110,2,17463572
9/3/2014,30712716,2552933,100,2,15356358
8/30/2014,28847454,2530882,90,2,14423727
8/27/2014,24388372,2180753,80,2,12194186
8/23/2014,25311554,2286318,70,2,12655777
8/20/2014,21940568,2007032,60,2,10970284
8/16/2014,24143578,2212894,50,2,12071789
8/13/2014,21209742,1954367,40,2,10604871
8/9/2014,28536954,2523068,90,2,14268477
8/6/2014,25472092,2249633,80,2,12736046
8/2/2014,27373050,2474744,70,2,13686525
7/30/2014,22939004,2059604,60,2,11469502
7/26/2014,24930534,2263455,50,2,12465267
7/23/2014,21826228,1981626,40,2,10913114
7/19/2014,26676210,2366938,60,2,13338105
7/16/2014,23621466,2104353,50,2,11810733
7/12/2014,25471908,2278182,40,2,12735954
7/9/2014,35144148,2764427,122,2,17572074
7/5/2014,33479402,2769116,101,2,16739701
7/2/2014,28407434,2385248,90,2,14203717
6/28/2014,28651984,2466072,80,2,14325992
6/25/2014,25561176,2200713,70,2,12780588
6/21/2014,27010302,2359404,60,2,13505151
6/18/2014,23884472,2092699,50,2,11942236
6/14/2014,27136016,2365631,40,2,13568008
6/11/2014,65287158,4211396,257,2,32643579
6/7/2014,57251954,3933610,221,2,28625977
6/4/2014,46708576,3292970,192,2,23354288
5/31/2014,43305488,3258064,173,2,21652744
5/28/2014,35176564,2680848,152,2,17588282
5/24/2014,35858982,2863167,132,2,17929491
5/21/2014,30025930,2454366,114,2,15012965
5/17/2014,31308206,2641534,100,2,15654103
5/14/2014,25483670,2204662,90,2,12741835
5/10/2014,27631562,2422005,80,2,13815781
5/7/2014,24688484,2193257,70,2,12344242
5/3/2014,26942550,2423560,60,2,13471275
4/30/2014,23111638,2112199,50,2,11555819
4/26/2014,26016988,2331166,40,2,13008494
4/23/2014,36747102,2823277,148.8,2,18373551
4/19/2014,37392468,2977902,128,2,18696234
4/16/2014,33095206,2650126,110,2,16547603
4/12/2014,31987612,2692923,94,2,15993806
4/9/2014,28003954,2403479,80,2,14001977
4/5/2014,29883772,2600808,70,2,14941886
4/2/2014,26453016,2316356,60,2,13226508
3/29/2014,27573672,2418931,50,2,13786836
3/26/2014,24247664,2140502,40,2,12123832
3/22/2014,32064856,2713675,96,2,16032428
3/19/2014,29630474,2521287,80,2,14815237
3/15/2014,30542376,2672628,70,2,15271188
3/12/2014,26464444,2328365,60,2,13232222
3/8/2014,28814004,2560782,50,2,14407002
3/5/2014,25588276,2289628,40,2,12794138
3/1/2014,30747816,2731133,60,2,15373908
2/26/2014,26006844,2311668,50,2,13003422
2/22/2014,28078212,2474524,40,2,14039106
2/19/2014,183031022,9725951,425,2,91515511
2/15/2014,84502534,5371280,330,2,42251267
2/12/2014,67249908,4231343,284,2,33624954
2/8/2014,61665430,4289462,247,2,30832715
2/5/2014,49510642,3513518,215,2,24755321
2/1/2014,49062416,3652635,194,2,24531208
1/29/2014,38257408,2849278,171,2,19128704
1/25/2014,39396676,3024755,152,2,19698338
1/22/2014,32714630,2550358,131,2,16357315
1/18/2014,35703424,2808955,113,2,17851712
1/15/2014,29454450,2379925,93,2,14727225
1/11/2014,29616924,2471203,80,2,14808462
1/8/2014,25761674,2171438,70,2,12880837
1/4/2014,27745090,2424741,60,2,13872545
1/1/2014,25121630,2142589,50,2,12560815
12/28/2013,26298198,2291901,40,2,13149099
12/25/2013,27289666,2180839,74,2,13644833
12/21/2013,28986882,2454016,60,2,14493441
12/18/2013,33401446,2627295,50,2,16700723
12/14/2013,35027210,2821941,40,2,17513605
12/11/2013,36818902,2875506,122,2,18409451
12/7/2013,35889328,2878427,100,2,17944664
12/4/2013,29444180,2480247,81,2,14722090
11/30/2013,28693078,2511683,70,2,14346539
11/27/2013,28182982,2384200,60,2,14091491
11/23/2013,29182882,2478792,50,2,14591441
11/20/2013,25934724,2223330,40,2,12967362
11/16/2013,40247988,3124671,130,2,20123994
11/13/2013,34678780,2714586,110,2,17339390
11/9/2013,33853702,2788199,87,2,16926851
11/6/2013,29779240,2484306,70,2,14889620
11/2/2013,32429546,2736941,60,2,16214773
10/30/2013,27830994,2325265,50,2,13915497
10/26/2013,31802548,2632295,40,2,15901274
10/23/2013,58508688,3808191,216,2,29254344
10/19/2013,52089906,3629488,186,2,26044953
10/16/2013,45357682,3220735,156,2,22678841
10/12/2013,44775232,3330984,133,2,22387616
10/9/2013,39054982,2951675,108,2,19527491
10/5/2013,36749138,2937071,86,2,18374569
10/2/2013,31931180,2609080,70,2,15965590
9/28/2013,33923886,2782901,60,2,16961943
9/25/2013,30244738,2485531,50,2,15122369
9/21/2013,32296040,2655854,40,2,16148020
9/18/2013,182773492,9376770,400,2,91386746
9/14/2013,101377126,5975893,317,2,50688563
9/11/2013,73685004,4582377,245,2,36842502
9/7/2013,66736054,4406037,203,2,33368027
9/4/2013,50164254,3504101,169,2,25082127
8/31/2013,52146876,3747894,142,2,26073438
8/28/2013,43157770,3122512,116,2,21578885
8/24/2013,40503768,3133849,92,2,20251884
8/21/2013,34274628,2708552,70,2,17137314
8/17/2013,36149700,2909404,60,2,18074850
8/14/2013,31379796,2530104,50,2,15689898
8/10/2013,32446598,2637288,40,2,16223299
8/7/2013,271009310,13395129,425,2,135504655
8/3/2013,118181040,6832065,300,2,59090520
7/31/2013,82014782,4815476,235,2,41007391
7/27/2013,63365314,4102876,196,2,31682657
7/24/2013,49399020,3319233,166,2,24699510
7/20/2013,47745826,3386585,141,2,23872913
7/17/2013,39692874,2877491,116,2,19846437
7/13/2013,37311468,2903099,94,2,18655734
7/10/2013,31435340,2489244,80,2,15717670
7/6/2013,31729376,2647891,70,2,15864688
7/3/2013,29854872,2471720,60,2,14927436
6/29/2013,31805792,2644358,50,2,15902896
6/26/2013,27700220,2291895,40,2,13850110
6/22/2013,45481288,3308904,127,2,22740644
6/19/2013,39208848,2874204,105,2,19604424
6/15/2013,38313086,2978420,85,2,19156543
6/12/2013,32862694,2574325,70,2,16431347
6/8/2013,36562116,2887952,60,2,18281058
6/5/2013,31356400,2507303,50,2,15678200
6/1/2013,34468992,2795764,40,2,17234496
5/29/2013,29404724,2373539,40,2,14702362
5/25/2013,36490320,2875268,50,2,18245160
5/22/2013,32918966,2572437,40,2,16459483
5/18/2013,464536548,21597123,590.5,2,232268274
5/15/2013,180270170,9545738,350,2,90135085
5/11/2013,93628856,5726936,270,2,46814428
5/8/2013,77911916,4869431,222,2,38955958
5/4/2013,64234610,4342782,191,2,32117305
5/1/2013,53202316,3676736,165,2,26601158
4/27/2013,51345324,3678090,140,2,25672662
4/24/2013,44278652,3210194,116,2,22139326
4/20/2013,40583804,3153258,95,2,20291902
4/17/2013,35341564,2744362,80,2,17670782
4/13/2013,38358690,3034194,70,2,19179345
4/10/2013,36179774,2645424,60,2,18089887
4/6/2013,31112426,2938495,50,2,15556213
4/3/2013,26346048,2552624,40,2,13173024
3/30/2013,31096232,2899175,50,2,15548116
3/27/2013,25500852,2411446,40,2,12750426
3/23/2013,163192114,9764567,320,2,81596057
3/20/2013,90874110,5888307,260,2,45437055
3/16/2013,74391216,5184643,216,2,37195608
3/13/2013,56579474,4144281,183,2,28289737
3/9/2013,50796970,3951156,150,2,25398485
3/6/2013,43892342,3463420,123,2,21946171
3/2/2013,43763596,3618337,103,2,21881798
2/27/2013,32647780,2824897,90,2,16323890
2/23/2013,33176522,2948317,80,2,16588261
2/20/2013,28879862,2596912,70,2,14439931
2/16/2013,30692128,2798123,60,2,15346064
2/13/2013,26710426,2448201,50,2,13355213
2/9/2013,28398870,2601829,40,2,14199435
2/6/2013,71543588,4784631,208,2,35771794
2/2/2013,57644328,4259474,176,2,28822164
1/30/2013,45706066,3433780,151,2,22853033
1/26/2013,41623138,3377508,130,2,20811569
1/23/2013,35693444,2962963,110,2,17846722
1/19/2013,38918284,3249467,100,2,19459142
1/16/2013,28807756,2575177,90,2,14403878
1/12/2013,29917538,2720741,80,2,14958769
1/9/2013,26614256,2451701,70,2,13307128
1/5/2013,28097510,2630800,60,2,14048755
1/2/2013,24144842,2268796,50,2,12072421
12/29/2012,26496494,2505860,40,2,13248247
12/26/2012,24678590,2245675,50,2,12339295
12/22/2012,28226500,2622463,40,2,14113250
12/19/2012,27032476,2481613,50,2,13516238
12/15/2012,27894190,2620228,40,2,13947095
12/12/2012,29968482,2727825,50,2,14984241
12/8/2012,29127962,2730493,40,2,14563981
12/5/2012,28562350,2631290,50,2,14281175
12/1/2012,29856052,2778818,40,2,14928026
11/28/2012,563131974,26218974,587,2,281565987
11/24/2012,140096440,8476965,325,2,70048220
11/21/2012,86533120,5543806,250,2,43266560
11/17/2012,69802810,4772489,214,2,34901405
11/14/2012,53293298,3794895,185,2,26646649
11/10/2012,50084854,3772787,168,2,25042427
11/7/2012,41636834,3243858,143,2,20818417
11/3/2012,40695206,3369082,124,2,20347603
10/31/2012,31815474,2732749,110,2,15907737
10/27/2012,37742994,3081952,100,2,18871497
10/24/2012,29295472,2547738,90,2,14647736
10/20/2012,30308588,2705413,80,2,15154294
10/17/2012,25502284,2362969,70,2,12751142
10/13/2012,27323808,2557437,60,2,13661904
10/10/2012,23936618,2265794,50,2,11968309
10/6/2012,26312158,2487312,40,2,13156079
10/3/2012,25597354,2391629,50,2,12798677
9/29/2012,27665924,2562163,40,2,13832962
9/26/2012,61500390,4242993,200,2,30750195
9/22/2012,50685726,3802526,174,2,25342863
9/19/2012,42540904,3268231,149,2,21270452
9/15/2012,41144178,3326883,125,2,20572089
9/12/2012,34252206,2892921,110,2,17126103
9/8/2012,36084614,3128521,100,2,18042307
9/5/2012,28404890,2577588,90,2,14202445
9/1/2012,31451190,2876698,80,2,15725595
8/29/2012,26252430,2406395,70,2,13126215
8/25/2012,28682420,2660432,60,2,14341210
8/22/2012,25218072,2362821,50,2,12609036
8/18/2012,26755994,2515060,40,2,13377997
8/15/2012,172237868,9525749,320,2,86118934
8/11/2012,89898892,5881870,253,2,44949446
8/8/2012,68901034,4679168,212,2,34450517
8/4/2012,56931072,4174239,181,2,28465536
8/1/2012,46693638,3541603,158,2,23346819
7/28/2012,43157436,3455703,139,2,21578718
7/25/2012,38355236,3085767,121,2,19177618
7/21/2012,38916664,3226240,110,2,19458332
7/18/2012,35073106,2917111,100,2,17536553
7/14/2012,32351772,2877874,90,2,16175886
7/11/2012,27543450,2489298,80,2,13771725
7/7/2012,28446968,2645775,70,2,14223484
7/4/2012,22949432,2225811,60,2,11474716
6/30/2012,25615186,2479942,50,2,12807593
6/27/2012,22391160,2169375,40,2,11195580
6/23/2012,27858642,2609827,60,2,13929321
6/20/2012,24433512,2309768,50,2,12216756
6/16/2012,27734996,2569560,40,2,13867498
6/13/2012,66099926,4554897,241,2,33049963
6/9/2012,60632780,4391834,205,2,30316390
6/6/2012,47520538,3616960,177,2,23760269
6/2/2012,47226336,3741974,164,2,23613168
5/30/2012,37553610,2988035,146,2,18776805
5/26/2012,39625132,3247704,128,2,19812566
5/23/2012,34631256,2870696,110,2,17315628
5/19/2012,36478078,3099787,100,2,18239039
5/16/2012,28536260,2561540,90,2,14268130
5/12/2012,30465462,2771164,80,2,15232731
5/9/2012,26297978,2435984,70,2,13148989
5/5/2012,27802074,2641657,60,2,13901037
5/2/2012,24434108,2356309,50,2,12217054
4/28/2012,27850450,2627843,40,2,13925225
4/25/2012,44725302,3477205,173,2,22362651
4/21/2012,44568434,3608823,152,2,22284217
4/18/2012,38569228,3179378,131,2,19284614
4/14/2012,40154098,3338689,113,2,20077049
4/11/2012,31503602,2794411,94,2,15751801
4/7/2012,32817922,2965575,80,2,16408961
4/4/2012,28978038,2623485,70,2,14489019
3/31/2012,38305078,3335997,60,2,19152539
3/28/2012,29115092,2687696,50,2,14557546
3/24/2012,29999742,2828541,40,2,14999871
3/21/2012,29032202,2732888,70,2,14516101
3/17/2012,32414134,3031289,60,2,16207067
3/14/2012,27901808,2665167,50,2,13950904
3/10/2012,32413242,3057693,40,2,16206621
3/7/2012,30836346,2928736,60,2,15418173
3/3/2012,34352940,3266963,50,2,17176470
2/29/2012,29055550,2742270,40,2,14527775
2/25/2012,37916166,3419920,70,2,18958083
2/22/2012,32766344,3002305,60,2,16383172
2/18/2012,37177904,3442221,50,2,18588952
2/15/2012,32691612,3025553,40,2,16345806
2/11/2012,169361618,10398105,325,2,84680809
2/8/2012,93526504,6324021,250,2,46763252
2/4/2012,75632272,5330475,200,2,37816136
2/1/2012,55285052,4102587,170,2,27642526
1/28/2012,49995462,3882738,146,2,24997731
1/25/2012,41302320,3289453,120,2,20651160
1/21/2012,40901890,3392197,100,2,20450945
1/18/2012,33352386,2872881,80,2,16676193
1/14/2012,24885431,4103408,66,1,24885431
1/11/2012,21467730,3580133,54,1,21467730
1/7/2012,22747865,3847029,44,1,22747865
1/4/2012,19026140,3296588,30,1,19026140
12/31/2011,24771936,4116045,25,1,24771936
12/28/2011,18839498,3198822,20,1,18839498
12/24/2011,42162193,5873279,125,1,42162193
12/21/2011,31784265,4705316,104,1,31784265
12/17/2011,28354501,4568297,91,1,28354501
12/14/2011,23782276,3908243,78,1,23782276
12/10/2011,24532617,4100508,67,1,24532617
12/7/2011,21170696,3610108,52,1,21170696
12/3/2011,22662144,3944208,40,1,22662144
11/30/2011,19524656,3396161,31,1,19524656
11/26/2011,19301014,3484253,25,1,19301014
11/23/2011,19958434,3489879,20,1,19958434
11/19/2011,25905601,4310684,60,1,25905601
11/16/2011,22607166,3857159,46,1,22607166
11/12/2011,24638266,4168616,35,1,24638266
11/9/2011,20767046,3595177,25,1,20767046
11/5/2011,23222895,3969048,20,1,23222895
11/2/2011,83669599,9584564,245,1,83669599
10/29/2011,60224206,7564568,203,1,60224206
10/26/2011,47733264,6168589,173,1,47733264
10/22/2011,41452063,5818941,148,1,41452063
10/19/2011,35546862,5035152,124,1,35546862
10/15/2011,33736971,5064198,105,1,33736971
10/12/2011,25587195,4112270,86,1,25587195
10/8/2011,26022291,4295039,71,1,26022291
10/5/2011,22271967,3753552,58,1,22271967
10/1/2011,22686123,3974619,47,1,22686123
9/28/2011,19116699,3393573,37,1,19116699
9/24/2011,20863035,3687249,30,1,20863035
9/21/2011,18344632,3271164,25,1,18344632
9/17/2011,20285788,3614271,20,1,20285788
9/14/2011,18972764,3379280,25,1,18972764
9/10/2011,21578237,3765926,20,1,21578237
9/7/2011,32461128,4805018,107,1,32461128
9/3/2011,30796180,4890186,91,1,30796180
8/31/2011,24927632,4002018,75,1,24927632
8/27/2011,25985886,4241766,61,1,25985886
8/24/2011,22534415,3718328,47,1,22534415
8/20/2011,23371271,3984308,37,1,23371271
8/17/2011,20176539,3480154,25,1,20176539
8/13/2011,22968117,3904934,20,1,22968117
8/10/2011,68821907,8139169,220,1,68821907
8/6/2011,50135080,6685555,180,1,50135080
8/3/2011,42621658,5807169,160,1,42621658
7/30/2011,38186560,5565726,133,1,38186560
7/27/2011,32713879,4810460,111,1,32713879
7/23/2011,27911360,4526355,92,1,27911360
7/20/2011,22948855,3844115,76,1,22948855
7/16/2011,23639371,4097178,61,1,23639371
7/13/2011,20203392,3536997,48,1,20203392
7/9/2011,21005870,3751101,36,1,21005870
7/6/2011,17347900,3180426,25,1,17347900
7/2/2011,20281059,3707393,20,1,20281059
6/29/2011,22769190,3878029,76,1,22769190
6/25/2011,23862804,4189633,63,1,23862804
6/22/2011,20407665,3633408,48,1,20407665
6/18/2011,21609327,3926797,36,1,21609327
6/15/2011,18700841,3454781,25,1,18700841
6/11/2011,20514850,3772971,20,1,20514850
6/8/2011,19735552,3562079,25,1,19735552
6/4/2011,22648465,3994627,20,1,22648465
6/1/2011,53851583,7117610,200,1,53851583
5/28/2011,44548124,6207449,171,1,44548124
5/25/2011,37437533,5318510,144,1,37437533
5/21/2011,35606388,5383206,120,1,35606388
5/18/2011,28352794,4466675,97,1,28352794
5/14/2011,27575934,4579789,81,1,27575934
5/11/2011,23027130,3912759,65,1,23027130
5/7/2011,24092735,4151179,50,1,24092735
5/4/2011,19995319,3603653,36,1,19995319
4/30/2011,21155718,3889173,25,1,21155718
4/27/2011,18553782,3393882,20,1,18553782
4/23/2011,27829093,4669198,72,1,27829093
4/20/2011,23885902,4072333,56,1,23885902
4/16/2011,23652296,4203698,43,1,23652296
4/13/2011,20444440,3688014,27,1,20444440
4/9/2011,23370901,4099554,20,1,23370901
4/6/2011,58217464,7611156,218,1,58217464
4/2/2011,49148514,7106695,187,1,49148514
3/30/2011,39090757,5764552,153,1,39090757
3/26/2011,39898318,6007453,125,1,39898318
3/23/2011,31151216,4962100,101,1,31151216
3/19/2011,26531084,4699839,85,1,26531084
3/16/2011,21989176,4026201,67,1,21989176
3/12/2011,23422605,4326013,54,1,23422605
3/9/2011,19918099,3772240,40,1,19918099
3/5/2011,21813405,4170079,25,1,21813405
3/2/2011,19656666,3756232,20,1,19656666
2/26/2011,48365255,7118074,184,1,48365255
2/23/2011,39625083,5993048,155,1,39625083
2/19/2011,37622199,5893619,126,1,37622199
2/16/2011,31976380,5135016,101,1,31976380
2/12/2011,26927569,4756333,82,1,26927569
2/9/2011,22157797,4019025,63,1,22157797
2/5/2011,23625565,4328952,50,1,23625565
2/2/2011,18167841,3459491,35,1,18167841
1/29/2011,20267441,3875620,25,1,20267441
1/26/2011,17849664,3400335,20,1,17849664
1/22/2011,34029573,5482879,122,1,34029573
1/19/2011,27158928,4593142,96,1,27158928
1/15/2011,26778161,4724566,82,1,26778161
1/12/2011,21227821,3820255,67,1,21227821
1/8/2011,22798187,4257480,51,1,22798187
1/5/2011,21987195,3933394,34,1,21987195
1/1/2011,20986302,3935676,25,1,20986302
12/29/2010,17780026,3444488,20,1,17780026
12/25/2010,21125168,3828713,46,1,21125168
12/22/2010,19690822,3809419,35,1,19690822
12/18/2010,20170142,3967395,25,1,20170142
12/15/2010,17624726,3501606,20,1,17624726
12/11/2010,21256424,4156363,37,1,21256424
12/8/2010,18306999,3641988,25,1,18306999
12/4/2010,20891222,4080043,20,1,20891222
12/1/2010,26455102,4615896,95,1,26455102
11/27/2010,23408982,4374770,79,1,23408982
11/24/2010,23633540,4322207,64,1,23633540
11/20/2010,23769024,4425199,50,1,23769024
11/17/2010,20128151,3863635,35,1,20128151
11/13/2010,21644503,4176188,25,1,21644503
11/10/2010,19271815,3748831,20,1,19271815
11/6/2010,36959961,5921610,123,1,36959961
11/3/2010,30837546,5156626,104,1,30837546
10/30/2010,26539388,4842660,87,1,26539388
10/27/2010,22629280,4169175,72,1,22629280
10/23/2010,23766218,4444566,59,1,23766218
10/20/2010,20324810,3892119,46,1,20324810
10/16/2010,21728971,4224817,34,1,21728971
10/13/2010,18709731,3680960,25,1,18709731
10/9/2010,21069092,4125939,20,1,21069092
10/6/2010,22818806,4262356,60,1,22818806
10/2/2010,24309114,4660067,48,1,24309114
9/29/2010,20214836,3899229,35,1,20214836
9/25/2010,21909458,4274751,25,1,21909458
9/22/2010,19554667,3818338,20,1,19554667
9/18/2010,34189186,5766049,112,1,34189186
9/15/2010,27215216,4812580,94,1,27215216
9/11/2010,26721007,4918722,79,1,26721007
9/8/2010,22522686,4216514,62,1,22522686
9/4/2010,24420481,4676091,47,1,24420481
9/1/2010,20654196,4023009,34,1,20654196
8/28/2010,21228227,4143608,25,1,21228227
8/25/2010,19057422,3736101,20,1,19057422
8/21/2010,27499193,5034328,80,1,27499193
8/18/2010,23077525,4352484,64,1,23077525
8/14/2010,24483737,4712972,51,1,24483737
8/11/2010,20682246,4108557,38,1,20682246
8/7/2010,22076590,4396128,25,1,22076590
8/4/2010,20053010,3999674,20,1,20053010
7/31/2010,28794907,5317398,85,1,28794907
7/28/2010,24144586,4469142,67,1,24144586
7/24/2010,25157201,4793631,52,1,25157201
7/21/2010,21603539,4209548,37,1,21603539
7/17/2010,22446683,4479637,27,1,22446683
7/14/2010,20145814,4034771,20,1,20145814
7/10/2010,27635903,5189791,72,1,27635903
7/7/2010,23282946,4508896,54,1,23282946
7/3/2010,25619440,5048935,41,1,25619440
6/30/2010,21611238,4313686,27,1,21611238
6/26/2010,22870346,4612260,20,1,22870346
6/23/2010,28593798,5292327,97,1,28593798
6/19/2010,28542442,5552080,78,1,28542442
6/16/2010,25440953,5054515,60,1,25440953
6/12/2010,25833923,5201990,44,1,25833923
6/9/2010,22533772,4622008,28,1,22533772
6/5/2010,25027219,5020389,20,1,25027219
6/2/2010,59485649,9185636,260,1,59485649
5/29/2010,52757061,8864698,220,1,52757061
5/26/2010,41711258,7104383,190,1,41711258
5/22/2010,40400017,7229950,164,1,40400017
5/19/2010,35863462,6538813,145,1,35863462
5/15/2010,34878683,6649847,120,1,34878683
5/12/2010,29287559,5843221,97,1,29287559
5/8/2010,28788126,5808567,80,1,28788126
5/5/2010,24990275,5170663,60,1,24990275
5/1/2010,25880765,5246570,45,1,25880765
4/28/2010,21850871,4174230,30,1,21850871
4/24/2010,23746854,4450367,20,1,23746854
4/21/2010,68753081,9554163,252,1,68753081
4/17/2010,54155892,8084180,212,1,54155892
4/14/2010,39986010,6119936,177,1,39986010
4/10/2010,38072676,6177501,150,1,38072676
4/7/2010,32505574,5444820,125,1,32505574
4/3/2010,33430895,5818806,103,1,33430895
3/31/2010,25881059,4649824,82,1,25881059
3/27/2010,26490335,4873235,65,1,26490335
3/24/2010,22871116,4280274,45,1,22871116
3/20/2010,23851801,4546369,30,1,23851801
3/17/2010,22336363,4237993,20,1,22336363
3/13/2010,57239387,8335800,211,1,57239387
3/10/2010,41968422,6470707,172,1,41968422
3/6/2010,37513118,6303025,144,1,37513118
3/3/2010,33019146,5599177,114,1,33019146
2/27/2010,28853280,5365786,95,1,28853280
2/24/2010,24821351,4713751,76,1,24821351
2/20/2010,25747371,5047912,57,1,25747371
2/17/2010,22180214,4440934,40,1,22180214
2/13/2010,23691641,4725428,25,1,23691641
2/10/2010,20879429,4103589,20,1,20879429
2/6/2010,39115101,6567186,140,1,39115101
2/3/2010,36570810,6236199,115,1,36570810
1/30/2010,22002653,4346111,90,1,22002653
1/27/2010,19227635,3898819,76,1,19227635
1/23/2010,20174911,4154196,65,1,20174911
1/20/2010,17339630,3611695,51,1,17339630
1/16/2010,18310940,3816771,40,1,18310940
1/13/2010,15831466,3351777,30,1,15831466
1/9/2010,16571399,3565801,25,1,16571399
1/6/2010,15143519,3281291,20,1,15143519
1/2/2010,17109251,3664065,25,1,17109251
12/30/2009,16230044,,20,1,16230044
12/26/2009,26112288,,122,1,26112288
12/23/2009,26657449,,106,1,26657449
12/19/2009,22431024,,92,1,22431024
12/16/2009,19200121,,77,1,19200121
12/12/2009,19578620,,65,1,19578620
12/9/2009,16869821,,52,1,16869821
12/5/2009,18158963,,41,1,18158963
12/2/2009,16058360,,30,1,16058360
11/28/2009,16133053,,25,1,16133053
11/25/2009,16094222,,20,1,16094222
11/21/2009,18202269,,32,1,18202269
11/18/2009,16042944,,25,1,16042944
11/14/2009,17946102,,20,1,17946102
11/11/2009,21862168,,96,1,21862168
11/7/2009,22119315,,80,1,22119315
11/4/2009,19495176,,66,1,19495176
10/31/2009,19486186,,53,1,19486186
10/28/2009,16716952,,41,1,16716952
10/24/2009,17956376,,31,1,17956376
10/21/2009,15840096,,25,1,15840096
10/17/2009,17363282,,20,1,17363282
10/14/2009,16703747,,30,1,16703747
10/10/2009,18317590,,25,1,18317590
10/7/2009,17114067,,20,1,17114067
10/3/2009,39963328,,189,1,39963328
9/30/2009,33098307,,170,1,33098307
9/26/2009,31615045,,150,1,31615045
9/23/2009,27620531,,129,1,27620531
9/19/2009,27582291,,111,1,27582291
9/16/2009,22566189,,95,1,22566189
9/12/2009,22564477,,81,1,22564477
9/9/2009,20030771,,67,1,20030771
9/5/2009,21172752,,57,1,21172752
9/2/2009,18365653,,45,1,18365653
8/29/2009,19066400,,33,1,19066400
8/26/2009,16789639,,25,1,16789639
8/22/2009,19470192,,20,1,19470192
8/19/2009,65842626,,250,1,65842626
8/15/2009,49512433,,213,1,49512433
8/12/2009,37400849,,186,1,37400849
8/8/2009,33971273,,161,1,33971273
8/5/2009,28870823,,138,1,28870823
8/1/2009,28035388,,120,1,28035388
7/29/2009,24019690,,102,1,24019690
7/25/2009,21884038,,88,1,21884038
7/22/2009,19003928,,74,1,19003928
7/18/2009,19866231,,61,1,19866231
7/15/2009,17123492,,49,1,17123492
7/11/2009,17975687,,38,1,17975687
7/8/2009,15892607,,30,1,15892607
7/4/2009,16672381,,25,1,16672381
7/1/2009,15246947,,20,1,15246947
6/27/2009,17155055,,25,1,17155055
6/24/2009,15565535,,20,1,15565535
6/20/2009,22290089,,86,1,22290089
6/17/2009,19681628,,72,1,19681628
6/13/2009,20119695,,59,1,20119695
6/10/2009,17909899,,45,1,17909899
6/6/2009,18699033,,34,1,18699033
6/3/2009,16746673,,25,1,16746673
5/30/2009,18302663,,20,1,18302663
5/27/2009,53110338,,232,1,53110338
5/23/2009,41368451,,192,1,41368451
5/20/2009,33752417,,170,1,33752417
5/16/2009,32258366,,150,1,32258366
5/13/2009,27475729,,129,1,27475729
5/9/2009,27269909,,109,1,27269909
5/6/2009,22033568,,92,1,22033568
5/2/2009,21834057,,77,1,21834057
4/29/2009,18242374,,65,1,18242374
4/25/2009,19457243,,53,1,19457243
4/22/2009,17361904,,42,1,17361904
4/18/2009,18525182,,31,1,18525182
4/15/2009,16367063,,25,1,16367063
4/11/2009,19019396,,20,1,19019396
4/8/2009,30773727,,144,1,30773727
4/4/2009,30444363,,126,1,30444363
4/1/2009,26114210,,109,1,26114210
3/28/2009,24471201,,94,1,24471201
3/25/2009,20989951,,81,1,20989951
3/21/2009,21945161,,70,1,21945161
3/18/2009,18904687,,55,1,18904687
3/14/2009,20610205,,44,1,20610205
3/11/2009,17480709,,32,1,17480709
3/7/2009,19385578,,25,1,19385578
3/4/2009,17710870,,20,1,17710870
2/28/2009,40585812,,173,1,40585812
2/25/2009,33004838,,150,1,33004838
2/21/2009,31083510,,125,1,31083510
2/18/2009,26751148,,105,1,26751148
2/14/2009,26121650,,92,1,26121650
2/11/2009,21320594,,78,1,21320594
2/7/2009,22503384,,65,1,22503384
2/4/2009,19218723,,52,1,19218723
1/31/2009,20644948,,42,1,20644948
1/28/2009,16708093,,30,1,16708093
1/24/2009,19278592,,25,1,19278592
1/21/2009,17190146,,20,1,17190146
1/17/2009,38330424,,165,1,38330424
1/14/2009,33674948,,146,1,33674948
1/10/2009,32008934,,120,1,32008934
1/7/2009,29312505,,105,1,29312505
1/3/2009,20359193,,90,1,20359193
12/31/2008,20983719,,80,1,20983719
12/27/2008,16945918,,70,1,16945918
12/24/2008,19362415,,62,1,19362415
12/20/2008,16777284,,57,1,16777284
12/17/2008,14623703,,50,1,14623703
12/13/2008,15557093,,40,1,15557093
12/10/2008,13682460,,35,1,13682460
12/6/2008,14727558,,30,1,14727558
12/3/2008,13167444,,25,1,13167444
11/29/2008,13299846,,20,1,13299846
11/26/2008,12859427,,15,1,12859427
11/22/2008,17067435,,61,1,17067435
11/19/2008,14887848,,50,1,14887848
11/15/2008,15899493,,42,1,15899493
11/12/2008,13639951,,32,1,13639951
11/8/2008,14697911,,25,1,14697911
11/5/2008,12918154,,20,1,12918154
11/1/2008,14172153,,15,1,14172153
10/29/2008,15505826,,59,1,15505826
10/25/2008,17078156,,52,1,17078156
10/22/2008,14747387,,42,1,14747387
10/18/2008,15856892,,32,1,15856892
10/15/2008,13777127,,25,1,13777127
10/11/2008,15116216,,20,1,15116216
10/8/2008,13160825,,15,1,13160825
10/4/2008,15428658,,20,1,15428658
10/1/2008,14426354,,15,1,14426354
9/27/2008,44765040,,200,1,44765040
9/24/2008,34493168,,176,1,34493168
9/20/2008,31755415,,154,1,31755415
9/17/2008,27057880,,136,1,27057880
9/13/2008,26031582,,118,1,26031582
9/10/2008,22982970,,102,1,22982970
9/6/2008,20790966,,92,1,20790966
9/3/2008,16960226,,81,1,16960226
8/30/2008,18470381,,72,1,18470381
8/27/2008,15725016,,62,1,15725016
8/23/2008,16845939,,52,1,16845939
8/20/2008,14631485,,43,1,14631485
8/16/2008,15512388,,35,1,15512388
8/13/2008,13468008,,25,1,13468008
8/9/2008,14835609,,20,1,14835609
8/6/2008,12896112,,15,1,12896112
8/2/2008,20183927,,87,1,20183927
7/30/2008,17066704,,75,1,17066704
7/26/2008,17529417,,64,1,17529417
7/23/2008,15300101,,54,1,15300101
7/19/2008,16093440,,43,1,16093440
7/16/2008,14129522,,33,1,14129522
7/12/2008,14838533,,25,1,14838533
7/9/2008,13197661,,20,1,13197661
7/5/2008,14224514,,15,1,14224514
7/2/2008,18155586,,85,1,18155586
6/28/2008,18579943,,75,1,18579943
6/25/2008,16133145,,64,1,16133145
6/21/2008,16889191,,53,1,16889191
6/18/2008,14759207,,42,1,14759207
6/14/2008,15504984,,33,1,15504984
6/11/2008,13174219,,25,1,13174219
6/7/2008,14435106,,20,1,14435106
6/4/2008,12951401,,15,1,12951401
5/31/2008,15864549,,33,1,15864549
5/28/2008,13189071,,25,1,13189071
5/24/2008,15040228,,20,1,15040228
5/21/2008,13140517,,15,1,13140517
5/17/2008,16355563,,35,1,16355563
5/14/2008,14394887,,26,1,14394887
5/10/2008,15744455,,20,1,15744455
5/7/2008,14220001,,15,1,14220001
5/3/2008,34806589,,179,1,34806589
4/30/2008,29858610,,162,1,29858610
4/26/2008,28708568,,144,1,28708568
4/23/2008,24752135,,125,1,24752135
4/19/2008,24887983,,105,1,24887983
4/16/2008,20515685,,91,1,20515685
4/12/2008,20872601,,80,1,20872601
4/9/2008,18038487,,68,1,18038487
4/5/2008,19344381,,57,1,19344381
4/2/2008,16572671,,46,1,16572671
3/29/2008,17278394,,36,1,17278394
3/26/2008,14901857,,26,1,14901857
3/22/2008,16489045,,20,1,16489045
3/19/2008,15174006,,15,1,15174006
3/15/2008,72525664,,275,1,72525664
3/12/2008,55510717,,230,1,55510717
3/8/2008,47264359,,200,1,47264359
3/5/2008,35921579,,173,1,35921579
3/1/2008,33120539,,153,1,33120539
2/27/2008,28039513,,133,1,28039513
2/23/2008,26285278,,115,1,26285278
2/20/2008,23045491,,100,1,23045491
2/16/2008,19830295,,86,1,19830295
2/13/2008,16485820,,74,1,16485820
2/9/2008,17919063,,63,1,17919063
2/6/2008,15249726,,52,1,15249726
2/2/2008,16538757,,43,1,16538757
1/30/2008,13873360,,33,1,13873360
1/26/2008,14944716,,25,1,14944716
1/23/2008,13011737,,20,1,13011737
1/19/2008,14661601,,15,1,14661601
1/16/2008,20705464,,95,1,20705464
1/12/2008,20249011,,83,1,20249011
1/9/2008,17359952,,71,1,17359952
1/5/2008,17891774,,63,1,17891774
1/2/2008,14611312,,52,1,14611312
12/29/2007,16287679,,42,1,16287679
12/26/2007,13703279,,32,1,13703279
12/22/2007,15522456,,25,1,15522456
12/19/2007,13168634,,20,1,13168634
12/15/2007,14008351,,15,1,14008351
12/12/2007,14228329,,33,1,14228329
12/8/2007,15144083,,26,1,15144083
12/5/2007,13439842,,20,1,13439842
12/1/2007,15414681,,15,1,15414681
11/28/2007,29017165,,155,1,29017165
11/24/2007,25061719,,137,1,25061719
11/21/2007,25586135,,120,1,25586135
11/17/2007,24590076,,109,1,24590076
11/14/2007,19871083,,95,1,19871083
11/10/2007,19767325,,82,1,19767325
11/7/2007,16995212,,71,1,16995212
11/3/2007,17697308,,62,1,17697308
10/31/2007,15064736,,51,1,15064736
10/27/2007,15932027,,43,1,15932027
10/24/2007,13906184,,34,1,13906184
10/20/2007,15044521,,26,1,15044521
10/17/2007,13176495,,20,1,13176495
10/13/2007,14232330,,15,1,14232330
10/10/2007,13418049,,20,1,13418049
10/6/2007,14638693,,15,1,14638693
10/3/2007,13351602,,15,1,13351602
9/29/2007,15275860,,15,1,15275860
9/26/2007,16896627,,61,1,16896627
9/22/2007,17411558,,48,1,17411558
9/19/2007,15107028,,38,1,15107028
9/15/2007,16054356,,29,1,16054356
9/12/2007,14078547,,20,1,14078547
9/8/2007,15643505,,15,1,15643505
9/5/2007,14416929,,29,1,14416929
9/1/2007,16445504,,20,1,16445504
8/29/2007,14749514,,15,1,14749514
8/25/2007,93655796,,300,1,93655796
8/22/2007,59183652,,245,1,59183652
8/18/2007,47045359,,210,1,47045359
8/15/2007,36685610,,181,1,36685610
8/11/2007,32503602,,161,1,32503602
8/8/2007,28242100,,141,1,28242100
8/4/2007,26928554,,123,1,26928554
8/1/2007,23045126,,105,1,23045126
7/28/2007,21215934,,94,1,21215934
7/25/2007,17761292,,82,1,17761292
7/21/2007,18138543,,72,1,18138543
7/18/2007,15617169,,60,1,15617169
7/14/2007,16476120,,50,1,16476120
7/11/2007,13806569,,36,1,13806569
7/7/2007,18597563,,27,1,18597563
7/4/2007,12398218,,20,1,12398218
6/30/2007,14272757,,15,1,14272757
6/27/2007,21323660,,103,1,21323660
6/23/2007,19232078,,89,1,19232078
6/20/2007,16703340,,76,1,16703340
6/16/2007,17288520,,66,1,17288520
6/13/2007,14887040,,54,1,14887040
6/9/2007,15520631,,43,1,15520631
6/6/2007,13558914,,32,1,13558914
6/2/2007,14681358,,25,1,14681358
5/30/2007,12259556,,20,1,12259556
5/26/2007,13878244,,15,1,13878244
5/23/2007,15821221,,63,1,15821221
5/19/2007,16578419,,53,1,16578419
5/16/2007,14476063,,43,1,14476063
5/12/2007,15389625,,34,1,15389625
5/9/2007,13588643,,25,1,13588643
5/5/2007,15024074,,20,1,15024074
5/2/2007,13228695,,15,1,13228695
4/28/2007,18446149,,68,1,18446149
4/25/2007,16227270,,57,1,16227270
4/21/2007,17144937,,47,1,17144937
4/18/2007,15076998,,36,1,15076998
4/14/2007,16400335,,27,1,16400335
4/11/2007,14021186,,20,1,14021186
4/7/2007,15520061,,15,1,15520061
4/4/2007,14020234,,15,1,14020234
3/31/2007,17633789,,41,1,17633789
3/28/2007,15233386,,30,1,15233386
3/24/2007,16463984,,20,1,16463984
3/21/2007,15350147,,15,1,15350147
3/17/2007,34514643,,183,1,34514643
3/14/2007,30578191,,165,1,30578191
3/10/2007,30194632,,142,1,30194632
3/7/2007,27647905,,120,1,27647905
3/3/2007,25213388,,105,1,25213388
2/28/2007,20474945,,90,1,20474945
2/24/2007,20038356,,78,1,20038356
2/21/2007,17459255,,67,1,17459255
2/17/2007,18236685,,58,1,18236685
2/14/2007,15488986,,46,1,15488986
2/10/2007,17128125,,37,1,17128125
2/7/2007,14923778,,27,1,14923778
2/3/2007,16333411,,20,1,16333411
1/31/2007,14088177,,15,1,14088177
1/27/2007,16435815,,15,1,16435815
1/24/2007,65987058,,240,1,65987058
1/20/2007,50210755,,205,1,50210755
1/17/2007,35269063,,180,1,35269063
1/13/2007,33447226,,155,1,33447226
1/10/2007,27754965,,131,1,27754965
1/6/2007,26716519,,115,1,26716519
1/3/2007,21936400,,100,1,21936400
12/30/2006,21042874,,88,1,21042874
12/27/2006,16797938,,75,1,16797938
12/23/2006,19896464,,65,1,19896464
12/20/2006,16030352,,53,1,16030352
12/16/2006,16675842,,43,1,16675842
12/13/2006,14393328,,33,1,14393328
12/9/2006,15111137,,25,1,15111137
12/6/2006,13607025,,20,1,13607025
12/2/2006,14541395,,15,1,14541395
11/29/2006,17185603,,74,1,17185603
11/25/2006,16888855,,64,1,16888855
11/22/2006,16664564,,54,1,16664564
11/18/2006,16839213,,45,1,16839213
11/15/2006,14607660,,35,1,14607660
11/11/2006,15829785,,27,1,15829785
11/8/2006,13814636,,20,1,13814636
11/4/2006,15683298,,15,1,15683298
11/1/2006,20614669,,93,1,20614669
10/28/2006,20375012,,83,1,20375012
10/25/2006,17704086,,70,1,17704086
10/21/2006,18719206,,59,1,18719206
10/18/2006,15950273,,47,1,15950273
10/14/2006,17423807,,37,1,17423807
10/11/2006,14931534,,27,1,14931534
10/7/2006,16503747,,20,1,16503747
10/4/2006,14505001,,15,1,14505001
9/30/2006,16051546,,15,1,16051546
9/27/2006,14573640,,15,1,14573640
9/23/2006,45279344,,203,1,45279344
9/20/2006,33489255,,179,1,33489255
9/16/2006,31429654,,157,1,31429654
9/13/2006,26782641,,137,1,26782641
9/9/2006,26457501,,119,1,26457501
9/6/2006,22245953,,102,1,22245953
9/2/2006,22188202,,89,1,22188202
8/30/2006,18474146,,75,1,18474146
8/26/2006,19463662,,64,1,19463662
8/23/2006,16790423,,51,1,16790423
8/19/2006,17711434,,40,1,17711434
8/16/2006,15107010,,29,1,15107010
8/12/2006,15955499,,20,1,15955499
8/9/2006,14224064,,15,1,14224064
8/5/2006,47273690,,204,1,47273690
8/2/2006,34721871,,178,1,34721871
7/29/2006,31381607,,155,1,31381607
7/26/2006,26872703,,135,1,26872703
7/22/2006,25831148,,116,1,25831148
7/19/2006,22536063,,100,1,22536063
7/15/2006,20385102,,86,1,20385102
7/12/2006,17784638,,73,1,17784638
7/8/2006,18305738,,62,1,18305738
7/5/2006,15130742,,50,1,15130742
7/1/2006,16988238,,40,1,16988238
6/28/2006,14256040,,28,1,14256040
6/24/2006,15425212,,20,1,15425212
6/21/2006,13950697,,15,1,13950697
6/17/2006,24543216,,100,1,24543216
6/14/2006,19200304,,86,1,19200304
6/10/2006,19931367,,73,1,19931367
6/7/2006,17495712,,60,1,17495712
6/3/2006,17892300,,48,1,17892300
5/31/2006,15183548,,38,1,15183548
5/27/2006,14474828,,28,1,14474828
5/24/2006,12820209,,20,1,12820209
5/20/2006,14502749,,15,1,14502749
5/17/2006,22254456,,114,1,22254456
5/13/2006,22742802,,100,1,22742802
5/10/2006,18007006,,85,1,18007006
5/6/2006,18742528,,73,1,18742528
5/3/2006,16486757,,61,1,16486757
4/29/2006,16802547,,49,1,16802547
4/26/2006,14545681,,37,1,14545681
4/22/2006,15357235,,28,1,15357235
4/19/2006,13411849,,20,1,13411849
4/15/2006,15485852,,15,1,15485852
4/12/2006,40614381,,220,1,40614381
4/8/2006,35451827,,195,1,35451827
4/5/2006,29995064,,174,1,29995064
4/1/2006,29940518,,152,1,29940518
3/29/2006,25646496,,135,1,25646496
3/25/2006,25355220,,117,1,25355220
3/22/2006,22887760,,101,1,22887760
3/18/2006,22029444,,88,1,22029444
3/15/2006,19103347,,75,1,19103347
3/11/2006,19944698,,62,1,19944698
3/8/2006,17398332,,50,1,17398332
3/4/2006,18440466,,38,1,18440466
3/1/2006,15644982,,27,1,15644982
2/25/2006,16777423,,20,1,16777423
2/22/2006,15351541,,15,1,15351541
2/18/2006,161069366,,365,1,161069366
2/15/2006,92537801,,300,1,92537801
2/11/2006,65377755,,250,1,65377755
2/8/2006,47884166,,210,1,47884166
2/4/2006,39646973,,180,1,39646973
2/1/2006,31813429,,156,1,31813429
1/28/2006,28842967,,135,1,28842967
1/25/2006,24014709,,115,1,24014709
1/21/2006,24175034,,101,1,24175034
1/18/2006,17773187,,87,1,17773187
1/14/2006,19012144,,76,1,19012144
1/11/2006,15031147,,65,1,15031147
1/7/2006,15610665,,57,1,15610665
1/4/2006,13299646,,47,1,13299646
12/31/2005,16237995,,41,1,16237995
12/28/2005,12056489,,30,1,12056489
12/24/2005,15923761,,25,1,15923761
12/21/2005,12146846,,20,1,12146846
12/17/2005,13220611,,15,1,13220611
12/14/2005,21453727,,112,1,21453727
12/10/2005,20698844,,100,1,20698844
12/7/2005,16651726,,87,1,16651726
12/3/2005,17092457,,75,1,17092457
11/30/2005,14769688,,66,1,14769688
11/26/2005,14276944,,57,1,14276944
11/23/2005,14277178,,47,1,14277178
11/19/2005,14362530,,40,1,14362530
11/16/2005,12695626,,31,1,12695626
11/12/2005,13766232,,25,1,13766232
11/9/2005,12588482,,20,1,12588482
11/5/2005,13639702,,15,1,13639702
11/2/2005,14135903,,36,1,14135903
10/29/2005,14695200,,27,1,14695200
10/26/2005,13491525,,20,1,13491525
10/22/2005,15670623,,15,1,15670623
10/19/2005,165702055,,340,1,165702055
10/15/2005,93711624,,300,1,93711624
10/12/2005,63285429,,240,1,63285429
10/8/2005,50064288,,205,1,50064288
10/5/2005,36688866,,180,1,36688866
10/1/2005,33384475,,167,1,33384475
9/28/2005,27917824,,148,1,27917824
9/24/2005,25826780,,126,1,25826780
9/21/2005,21843529,,108,1,21843529
9/17/2005,19369471,,92,1,19369471
9/14/2005,15733224,,80,1,15733224
9/10/2005,15751153,,70,1,15751153
9/7/2005,12903742,,60,1,12903742
9/3/2005,14073885,,53,1,14073885
8/31/2005,11661808,,44,1,11661808
8/27/2005,13194206,,32,1,13194206
8/24/2005,11362334,,25,1,11362334
8/20/2005,12228118,,19,1,12228118
8/17/2005,10452591,,13,1,10452591
8/13/2005,12118475,,10,1,12118475
8/10/2005,20046296,,92,1,20046296
8/6/2005,19410200,,82,1,19410200
8/3/2005,16214682,,70,1,16214682
7/30/2005,16274295,,62,1,16274295
7/27/2005,13218975,,53,1,13218975
7/23/2005,14155392,,46,1,14155392
7/20/2005,12028493,,38,1,12028493
7/16/2005,13179163,,31,1,13179163
7/13/2005,11293239,,23,1,11293239
7/9/2005,12084933,,18,1,12084933
7/6/2005,10092153,,13,1,10092153
7/2/2005,11841643,,10,1,11841643
6/29/2005,10383472,,10,1,10383472
6/25/2005,16869943,,62,1,16869943
6/22/2005,14518940,,52,1,14518940
6/18/2005,15197084,,43,1,15197084
6/15/2005,12757562,,34,1,12757562
6/11/2005,13679770,,28,1,13679770
6/8/2005,11734970,,20,1,11734970
6/4/2005,12711301,,13,1,12711301
6/1/2005,11421109,,10,1,11421109
5/28/2005,68244767,,220,1,68244767
5/25/2005,50606867,,180,1,50606867
5/21/2005,40387916,,155,1,40387916
5/18/2005,32778247,,129,1,32778247
5/14/2005,29487024,,111,1,29487024
5/11/2005,21747095,,96,1,21747095
5/7/2005,19960545,,83,1,19960545
5/4/2005,16782647,,72,1,16782647
4/30/2005,16495834,,63,1,16495834
4/27/2005,13703921,,54,1,13703921
4/23/2005,14073610,,47,1,14073610
4/20/2005,11534775,,39,1,11534775
4/16/2005,12481646,,32,1,12481646
4/13/2005,10607067,,25,1,10607067
4/9/2005,11338636,,19,1,11338636
4/6/2005,9639616,,12,1,9639616
4/2/2005,10939736,,10,1,10939736
3/30/2005,10739292,,25,1,10739292
3/26/2005,11844326,,19,1,11844326
3/23/2005,9684876,,12,1,9684876
3/19/2005,10925963,,10,1,10925963
3/16/2005,10581612,,18,1,10581612
3/12/2005,11339686,,12,1,11339686
3/9/2005,11253878,,10,1,11253878
3/5/2005,12362291,,19,1,12362291
3/2/2005,10109910,,12,1,10109910
2/26/2005,11252184,,10,1,11252184
2/23/2005,10614026,,18,1,10614026
2/19/2005,11726815,,12,1,11726815
2/16/2005,10096589,,10,1,10096589
2/12/2005,14431387,,41,1,14431387
2/9/2005,12082713,,32,1,12082713
2/5/2005,13141349,,25,1,13141349
2/2/2005,10905341,,18,1,10905341
1/29/2005,11445462,,12,1,11445462
1/26/2005,9888417,,10,1,9888417
1/22/2005,12760524,,26,1,12760524
1/19/2005,10788815,,19,1,10788815
1/15/2005,11981740,,14,1,11981740
1/12/2005,10449723,,10,1,10449723
1/8/2005,13947785,,37,1,13947785
1/5/2005,12233136,,28,1,12233136
1/1/2005,13249138,,21,1,13249138
12/29/2004,11359177,,13,1,11359177
12/25/2004,12320437,,10,1,12320437
12/22/2004,13680483,,30,1,13680483
12/18/2004,13986752,,23,1,13986752
12/15/2004,11718337,,14,1,11718337
12/11/2004,13610711,,10,1,13610711
12/8/2004,40943873,,171,1,40943873
12/4/2004,34831278,,145,1,34831278
12/1/2004,28462523,,127,1,28462523
11/27/2004,23228915,,110,1,23228915
11/24/2004,24095321,,95,1,24095321
11/20/2004,19557182,,83,1,19557182
11/17/2004,16554479,,72,1,16554479
11/13/2004,16523227,,63,1,16523227
11/10/2004,14187049,,52,1,14187049
11/6/2004,14852616,,44,1,14852616
11/3/2004,12349232,,35,1,12349232
10/30/2004,13539488,,28,1,13539488
10/27/2004,11497921,,20,1,11497921
10/23/2004,12615047,,13,1,12615047
10/20/2004,10763447,,10,1,10763447
10/16/2004,12916600,,15,1,12916600
10/13/2004,11796809,,10,1,11796809
10/9/2004,63032953,,215,1,63032953
10/6/2004,43361601,,177,1,43361601
10/2/2004,37384497,,151,1,37384497
9/29/2004,29896354,,128,1,29896354
9/25/2004,27476141,,110,1,27476141
9/22/2004,21145819,,95,1,21145819
9/18/2004,19493522,,84,1,19493522
9/15/2004,16587844,,72,1,16587844
9/11/2004,16635119,,64,1,16635119
9/8/2004,13654144,,54,1,13654144
9/4/2004,15231116,,45,1,15231116
9/1/2004,12652438,,36,1,12652438
8/28/2004,13548423,,28,1,13548423
8/25/2004,11582226,,21,1,11582226
8/21/2004,12422337,,14,1,12422337
8/18/2004,11028375,,10,1,11028375
8/14/2004,23951690,,97,1,23951690
8/11/2004,18835239,,84,1,18835239
8/7/2004,18681545,,76,1,18681545
8/4/2004,15639279,,63,1,15639279
7/31/2004,16147018,,54,1,16147018
7/28/2004,12950821,,44,1,12950821
7/24/2004,13580987,,36,1,13580987
7/21/2004,11582105,,27,1,11582105
7/17/2004,12613814,,21,1,12613814
7/14/2004,10530161,,13,1,10530161
7/10/2004,11620775,,10,1,11620775
7/7/2004,11070590,,21,1,11070590
7/3/2004,12992696,,13,1,12992696
6/30/2004,10770005,,10,1,10770005
6/26/2004,16661790,,67,1,16661790
6/23/2004,14138812,,55,1,14138812
6/19/2004,14958705,,47,1,14958705
6/16/2004,12649299,,38,1,12649299
6/12/2004,13550652,,30,1,13550652
6/9/2004,11580793,,21,1,11580793
6/5/2004,12783328,,14,1,12783328
6/2/2004,10678573,,10,1,10678573
5/29/2004,16826621,,51,1,16826621
5/26/2004,14006896,,41,1,14006896
5/22/2004,14893992,,33,1,14893992
5/19/2004,12691270,,24,1,12691270
5/15/2004,13491136,,15,1,13491136
5/12/2004,12319414,,10,1,12319414
5/8/2004,63179604,,212,1,63179604
5/5/2004,44047942,,170,1,44047942
5/1/2004,35100877,,145,1,35100877
4/28/2004,27648713,,120,1,27648713
4/24/2004,25697832,,103,1,25697832
4/21/2004,20230405,,90,1,20230405
4/17/2004,17057381,,75,1,17057381
4/14/2004,14400037,,65,1,14400037
4/10/2004,15487351,,57,1,15487351
4/7/2004,12832161,,47,1,12832161
4/3/2004,13886966,,39,1,13886966
3/31/2004,11690087,,31,1,11690087
3/27/2004,12583802,,25,1,12583802
3/24/2004,10561323,,18,1,10561323
3/20/2004,11534390,,12,1,11534390
3/17/2004,10323150,,10,1,10323150
3/13/2004,20680962,,90,1,20680962
3/10/2004,16751327,,79,1,16751327
3/6/2004,17488092,,70,1,17488092
3/3/2004,14895330,,61,1,14895330
2/28/2004,15345737,,52,1,15345737
2/25/2004,12903650,,43,1,12903650
2/21/2004,13970427,,35,1,13970427
2/18/2004,11623342,,26,1,11623342
2/14/2004,12911556,,20,1,12911556
2/11/2004,10765848,,13,1,10765848
2/7/2004,12350207,,10,1,12350207
2/4/2004,17795366,,85,1,17795366
1/31/2004,18353679,,74,1,18353679
1/28/2004,14377550,,64,1,14377550
1/24/2004,16319807,,55,1,16319807
1/21/2004,13807439,,46,1,13807439
1/17/2004,14585882,,37,1,14585882
1/14/2004,12549931,,29,1,12549931
1/10/2004,13141066,,21,1,13141066
1/7/2004,11131869,,13,1,11131869
1/3/2004,12714617,,10,1,12714617
12/31/2003,89585661,,210,1,89585661
12/27/2003,43544359,,170,1,43544359
12/24/2003,44797436,,137,1,44797436
12/20/2003,29088897,,116,1,29088897
12/17/2003,23555449,,100,1,23555449
12/13/2003,19066752,,88,1,19066752
12/10/2003,15838304,,76,1,15838304
12/6/2003,15573292,,66,1,15573292
12/3/2003,14049942,,57,1,14049942
11/29/2003,13418021,,48,1,13418021
11/26/2003,12986217,,40,1,12986217
11/22/2003,13040858,,33,1,13040858
11/19/2003,11068653,,25,1,11068653
11/15/2003,12016165,,19,1,12016165
11/12/2003,10055876,,12,1,10055876
11/8/2003,11369548,,10,1,11369548
11/5/2003,10423235,,12,1,10423235
11/1/2003,11396987,,10,1,11396987
10/29/2003,10586974,,10,1,10586974
10/25/2003,47152942,,190,1,47152942
10/22/2003,35252267,,162,1,35252267
10/18/2003,30579569,,140,1,30579569
10/15/2003,24965814,,117,1,24965814
10/11/2003,23518073,,102,1,23518073
10/8/2003,17621426,,88,1,17621426
10/4/2003,17724648,,79,1,17724648
10/1/2003,14783816,,69,1,14783816
9/27/2003,15322778,,60,1,15322778
9/24/2003,13194791,,50,1,13194791
9/20/2003,13533164,,43,1,13533164
9/17/2003,11863748,,35,1,11863748
9/13/2003,12618246,,28,1,12618246
9/10/2003,10940370,,20,1,10940370
9/6/2003,11626184,,12,1,11626184
9/3/2003,10909344,,10,1,10909344
8/30/2003,33265454,,140,1,33265454
8/27/2003,27159453,,115,1,27159453
8/23/2003,25332808,,100,1,25332808
8/20/2003,18505672,,85,1,18505672
8/16/2003,17765663,,72,1,17765663
8/13/2003,15051984,,61,1,15051984
8/9/2003,15006513,,53,1,15006513
8/6/2003,12844765,,42,1,12844765
8/2/2003,13241179,,33,1,13241179
7/30/2003,11224665,,25,1,11224665
7/26/2003,11720425,,18,1,11720425
7/23/2003,10392274,,12,1,10392274
7/19/2003,11283606,,10,1,11283606
7/16/2003,11004107,,14,1,11004107
7/12/2003,12710139,,10,1,12710139
7/9/2003,110055858,,240,1,110055858
7/5/2003,65180563,,200,1,65180563
7/2/2003,48521684,,165,1,48521684
6/28/2003,36749985,,135,1,36749985
6/25/2003,28800559,,110,1,28800559
6/21/2003,23475972,,95,1,23475972
6/18/2003,18209434,,82,1,18209434
6/14/2003,17263826,,75,1,17263826
6/11/2003,14033722,,65,1,14033722
6/7/2003,14222513,,57,1,14222513
6/4/2003,12149892,,48,1,12149892
5/31/2003,12911499,,42,1,12911499
5/28/2003,10371816,,35,1,10371816
5/24/2003,11643204,,29,1,11643204
5/21/2003,10032236,,23,1,10032236
5/17/2003,10672263,,18,1,10672263
5/14/2003,9098573,,12,1,9098573
5/10/2003,10846519,,10,1,10846519
5/7/2003,19102321,,87,1,19102321
5/3/2003,18122579,,77,1,18122579
4/30/2003,14713597,,67,1,14713597
4/26/2003,14482077,,59,1,14482077
4/23/2003,12432086,,51,1,12432086
4/19/2003,12927602,,44,1,12927602
4/16/2003,10671517,,37,1,10671517
4/12/2003,11500740,,30,1,11500740
4/9/2003,9821258,,24,1,9821258
4/5/2003,10754887,,18,1,10754887
4/2/2003,9035161,,12,1,9035161
3/29/2003,10388784,,10,1,10388784
3/26/2003,13483954,,62,1,13483954
3/22/2003,13796568,,53,1,13796568
3/19/2003,11805627,,45,1,11805627
3/15/2003,12689435,,38,1,12689435
3/12/2003,10803936,,30,1,10803936
3/8/2003,11653655,,24,1,11653655
3/5/2003,9936491,,17,1,9936491
3/1/2003,11031057,,12,1,11031057
2/26/2003,9315306,,10,1,9315306
2/22/2003,13687842,,42,1,13687842
2/19/2003,10990939,,34,1,10990939
2/15/2003,12492689,,27,1,12492689
2/12/2003,10619758,,20,1,10619758
2/8/2003,11680205,,12,1,11680205
2/5/2003,10890725,,10,1,10890725
2/1/2003,25651455,,100,1,25651455
1/29/2003,17650662,,86,1,17650662
1/25/2003,18049039,,77,1,18049039
1/22/2003,15134102,,67,1,15134102
1/18/2003,15852907,,57,1,15852907
1/15/2003,13783628,,47,1,13783628
1/11/2003,14271083,,38,1,14271083
1/8/2003,12403361,,29,1,12403361
1/4/2003,13128795,,20,1,13128795
1/1/2003,11823212,,12,1,11823212
12/28/2002,12957198,,10,1,12957198
12/25/2002,163352371,,280,1,163352371
12/21/2002,92060133,,215,1,92060133
12/18/2002,57359549,,160,1,57359549
12/14/2002,39344907,,125,1,39344907
12/11/2002,28067936,,101,1,28067936
12/7/2002,20139213,,90,1,20139213
12/4/2002,16316519,,80,1,16316519
11/30/2002,13997561,,69,1,13997561
11/27/2002,13591547,,60,1,13591547
11/23/2002,13310465,,52,1,13310465
11/20/2002,11100937,,44,1,11100937
11/16/2002,11845762,,37,1,11845762
11/13/2002,9924976,,29,1,9924976
11/9/2002,10961475,,23,1,10961475
11/6/2002,9102173,,17,1,9102173
11/2/2002,10256540,,12,1,10256540
10/30/2002,9216311,,10,1,9216311
10/26/2002,18687272,,84,1,18687272
10/23/2002,15496585,,72,1,15496585
10/19/2002,15063128,,60,1,15063128
10/16/2002,12519193,,51,1,12519193
10/12/2002,12883818,,44,1,12883818
10/9/2002,11119216,,36,1,11119216
10/5/2002,10587045,,27,1,10587045
10/2/2002,9209014,,22,1,9209014
9/28/2002,9962972,,18,1,9962972
9/25/2002,8575791,,14,1,8575791
9/21/2002,9709325,,12,1,9709325
9/18/2002,9144776,,10,1,9144776
9/14/2002,31587307,,100,1,31587307
9/11/2002,20414347,,88,1,20414347
9/7/2002,19725295,,80,1,19725295
9/4/2002,15607394,,70,1,15607394
8/31/2002,15455980,,63,1,15455980
8/28/2002,12421171,,55,1,12421171
8/24/2002,12509416,,49,1,12509416
8/21/2002,10793249,,43,1,10793249
8/17/2002,11181957,,38,1,11181957
8/14/2002,9694844,,33,1,9694844
8/10/2002,10329896,,28,1,10329896
8/7/2002,8944952,,22,1,8944952
8/3/2002,9684770,,17,1,9684770
7/31/2002,8192740,,14,1,8192740
7/27/2002,9096908,,12,1,9096908
7/24/2002,8023250,,10,1,8023250
7/20/2002,12036060,,41,1,12036060
7/17/2002,10153277,,35,1,10153277
7/13/2002,10972635,,31,1,10972635
7/10/2002,9493334,,27,1,9493334
7/6/2002,9711932,,22,1,9711932
7/3/2002,8819730,,16,1,8819730
6/29/2002,10391229,,14,1,10391229
6/26/2002,6689286,,12,1,6689286
6/22/2002,7415382,,10,1,7415382
6/19/2002,7001587,,14,1,7001587
6/15/2002,7733459,,12,1,7733459
6/12/2002,6829068,,10,1,6829068
6/8/2002,9479504,,31,1,9479504
6/5/2002,8271975,,26,1,8271975
6/1/2002,8761872,,21,1,8761872
5/29/2002,7284821,,17,1,7284821
5/25/2002,8338655,,14,1,8338655
5/22/2002,7386141,,12,1,7386141
5/18/2002,8844819,,10,1,8844819
5/15/2002,16692860,,80,1,16692860
5/11/2002,15439843,,70,1,15439843
5/8/2002,12865524,,61,1,12865524
5/4/2002,12597964,,54,1,12597964
5/1/2002,10727233,,48,1,10727233
4/27/2002,10839433,,43,1,10839433
4/24/2002,9145098,,38,1,9145098
4/20/2002,9815131,,32,1,9815131
4/17/2002,8710721,,25,1,8710721
4/13/2002,9372464,,21,1,9372464
4/10/2002,7596334,,17,1,7596334
4/6/2002,8273694,,14,1,8273694
4/3/2002,7154957,,12,1,7154957
3/30/2002,8372596,,10,1,8372596
3/27/2002,10319719,,48,1,10319719
3/23/2002,10893489,,43,1,10893489
3/20/2002,9136540,,37,1,9136540
3/16/2002,9810248,,31,1,9810248
3/13/2002,8433296,,26,1,8433296
3/9/2002,8982077,,22,1,8982077
3/6/2002,7826893,,17,1,7826893
3/2/2002,8516644,,14,1,8516644
2/27/2002,7278795,,12,1,7278795
2/23/2002,8432510,,10,1,8432510
2/20/2002,9381190,,32,1,9381190
2/16/2002,10036319,,27,1,10036319
2/13/2002,8429272,,22,1,8429272
2/9/2002,9126621,,18,1,9126621
2/6/2002,7737545,,14,1,7737545
2/2/2002,8721797,,12,1,8721797
1/30/2002,7945529,,10,1,7945529
1/26/2002,25845966,,95,1,25845966
1/23/2002,18341699,,81,1,18341699
1/19/2002,16049476,,71,1,16049476
1/16/2002,13130535,,61,1,13130535
1/12/2002,12528568,,55,1,12528568
1/9/2002,10322519,,49,1,10322519
1/5/2002,10554870,,44,1,10554870
1/2/2002,8365258,,38,1,8365258
12/29/2001,9465658,,33,1,9465658
12/26/2001,7521115,,28,1,7521115
12/22/2001,9049477,,24,1,9049477
12/19/2001,7645900,,20,1,7645900
12/15/2001,8136720,,16,1,8136720
12/12/2001,7097026,,14,1,7097026
12/8/2001,7812322,,12,1,7812322
12/5/2001,6881518,,10,1,6881518
12/1/2001,9207857,,29,1,9207857
11/28/2001,8002137,,24,1,8002137
11/24/2001,8205891,,20,1,8205891
11/21/2001,7860000,,16,1,7860000
11/17/2001,8293273,,14,1,8293273
11/14/2001,7242866,,12,1,7242866
11/10/2001,8398910,,10,1,8398910
11/7/2001,11307130,,55,1,11307130
11/3/2001,11927436,,50,1,11927436
10/31/2001,9647767,,45,1,9647767
10/27/2001,10181856,,40,1,10181856
10/24/2001,8762181,,35,1,8762181
10/20/2001,9507534,,30,1,9507534
10/17/2001,8191678,,25,1,8191678
10/13/2001,8962689,,21,1,8962689
10/10/2001,7730059,,16,1,7730059
10/6/2001,8635605,,14,1,8635605
10/3/2001,7700373,,12,1,7700373
9/29/2001,8768966,,10,1,8768966
9/26/2001,10563159,,48,1,10563159
9/22/2001,11299082,,43,1,11299082
9/19/2001,9695191,,36,1,9695191
9/15/2001,10280328,,31,1,10280328
9/12/2001,8913768,,27,1,8913768
9/8/2001,10908295,,22,1,10908295
9/5/2001,9256235,,16,1,9256235
9/1/2001,11038937,,12,1,11038937
8/29/2001,11609972,,10,1,11609972
8/25/2001,203868890,,280,1,203868890
8/22/2001,117448757,,200,1,117448757
8/18/2001,50139368,,128,1,50139368
8/15/2001,33890370,,100,1,33890370
8/11/2001,20096990,,86,1,20096990
8/8/2001,16726966,,75,1,16726966
8/4/2001,15365257,,67,1,15365257
8/1/2001,11632349,,59,1,11632349
7/28/2001,11627802,,52,1,11627802
7/25/2001,9600929,,46,1,9600929
7/21/2001,9878908,,41,1,9878908
7/18/2001,8379525,,36,1,8379525
7/14/2001,8968690,,31,1,8968690
7/11/2001,7591363,,27,1,7591363
7/7/2001,8102034,,23,1,8102034
7/4/2001,6704001,,18,1,6704001
6/30/2001,7652840,,16,1,7652840
6/27/2001,6589883,,14,1,6589883
6/23/2001,7328072,,12,1,7328072
6/20/2001,6339419,,10,1,6339419
6/16/2001,7906112,,20,1,7906112
6/13/2001,6822330,,16,1,6822330
6/9/2001,7520434,,14,1,7520434
6/6/2001,6688909,,12,1,6688909
6/2/2001,7819018,,10,1,7819018
5/30/2001,11241279,,62,1,11241279
5/26/2001,11713185,,56,1,11713185
5/23/2001,9854780,,49,1,9854780
5/19/2001,10130523,,44,1,10130523
5/16/2001,8605823,,38,1,8605823
5/12/2001,9164987,,34,1,9164987
5/9/2001,7829671,,29,1,7829671
5/5/2001,8483770,,24,1,8483770
5/2/2001,7251145,,20,1,7251145
4/28/2001,7874779,,16,1,7874779
4/25/2001,6955650,,14,1,6955650
4/21/2001,7850585,,12,1,7850585
4/18/2001,7326783,,10,1,7326783
4/14/2001,18814912,,84,1,18814912
4/11/2001,15433027,,74,1,15433027
4/7/2001,14283622,,66,1,14283622
4/4/2001,12108440,,59,1,12108440
3/31/2001,12450350,,52,1,12450350
3/28/2001,10204419,,45,1,10204419
3/24/2001,10467071,,40,1,10467071
3/21/2001,9151661,,35,1,9151661
3/17/2001,9673484,,30,1,9673484
3/14/2001,8265191,,25,1,8265191
3/10/2001,8887303,,21,1,8887303
3/7/2001,7539748,,16,1,7539748
3/3/2001,8456250,,14,1,8456250
2/28/2001,7184656,,12,1,7184656
2/24/2001,8637586,,10,1,8637586
2/21/2001,25698387,,93,1,25698387
2/17/2001,20061638,,80,1,20061638
2/14/2001,15817438,,69,1,15817438
2/10/2001,13884274,,61,1,13884274
2/7/2001,11613197,,53,1,11613197
2/3/2001,11293530,,47,1,11293530
1/31/2001,9330370,,42,1,9330370
1/27/2001,9406069,,37,1,9406069
1/24/2001,8183653,,31,1,8183653
1/20/2001,8361102,,26,1,8361102
1/17/2001,7268081,,22,1,7268081
1/13/2001,7831956,,19,1,7831956
1/10/2001,6790990,,16,1,6790990
1/6/2001,7442465,,14,1,7442465
1/3/2001,6244275,,12,1,6244275
12/30/2000,7400633,,10,1,7400633
12/27/2000,7890641,,33,1,7890641
12/23/2000,9359367,,28,1,9359367
12/20/2000,7699958,,24,1,7699958
12/16/2000,8168083,,20,1,8168083
12/13/2000,6870148,,16,1,6870148
12/9/2000,7925823,,14,1,7925823
12/6/2000,7046560,,12,1,7046560
12/2/2000,8323046,,10,1,8323046
11/29/2000,48007720,,130,1,48007720
11/25/2000,27616901,,105,1,27616901
11/22/2000,24244062,,92,1,24244062
11/18/2000,18217356,,78,1,18217356
11/15/2000,15363299,,70,1,15363299
11/11/2000,13571497,,62,1,13571497
11/8/2000,10983474,,54,1,10983474
11/4/2000,11005648,,47,1,11005648
11/1/2000,9156461,,42,1,9156461
10/28/2000,9133387,,37,1,9133387
10/25/2000,7812031,,32,1,7812031
10/21/2000,8057753,,28,1,8057753
10/18/2000,6882598,,24,1,6882598
10/14/2000,7689802,,21,1,7689802
10/11/2000,6349776,,18,1,6349776
10/7/2000,7176187,,16,1,7176187
10/4/2000,6218928,,14,1,6218928
9/30/2000,6911892,,12,1,6911892
9/27/2000,5874304,,10,1,5874304
9/23/2000,8363155,,29,1,8363155
9/20/2000,7166557,,25,1,7166557
9/16/2000,7783310,,21,1,7783310
9/13/2000,6557801,,18,1,6557801
9/9/2000,7306535,,16,1,7306535
9/6/2000,6107990,,14,1,6107990
9/2/2000,7182578,,12,1,7182578
8/30/2000,5987591,,10,1,5987591
8/26/2000,7317120,,14,1,7317120
8/23/2000,6355564,,12,1,6355564
8/19/2000,7142643,,10,1,7142643
8/16/2000,7443529,,23,1,7443529
8/12/2000,7999316,,19,1,7999316
8/9/2000,6872179,,16,1,6872179
8/5/2000,7611868,,14,1,7611868
8/2/2000,6580687,,12,1,6580687
7/29/2000,7245052,,10,1,7245052
7/26/2000,6719122,,10,1,6719122
7/22/2000,13817359,,65,1,13817359
7/19/2000,11384507,,57,1,11384507
7/15/2000,11575918,,51,1,11575918
7/12/2000,9559205,,45,1,9559205
7/8/2000,9904277,,40,1,9904277
7/5/2000,7808775,,36,1,7808775
7/1/2000,8971209,,31,1,8971209
6/28/2000,7542006,,27,1,7542006
6/24/2000,8193996,,23,1,8193996
6/21/2000,6947332,,18,1,6947332
6/17/2000,7686673,,16,1,7686673
6/14/2000,6630878,,14,1,6630878
6/10/2000,7358539,,12,1,7358539
6/7/2000,6477056,,10,1,6477056
6/3/2000,7777539,,12,1,7777539
5/31/2000,6686026,,10,1,6686026
5/27/2000,13668488,,61,1,13668488
5/24/2000,11340234,,54,1,11340234
5/20/2000,11309298,,48,1,11309298
5/17/2000,9866708,,41,1,9866708
5/13/2000,9889051,,35,1,9889051
5/10/2000,8972394,,28,1,8972394
5/6/2000,9542893,,23,1,9542893
5/3/2000,7682962,,18,1,7682962
4/29/2000,8177531,,14,1,8177531
4/26/2000,6992779,,12,1,6992779
4/22/2000,8788695,,10,1,8788695
4/19/2000,18308581,,80,1,18308581
4/15/2000,16865767,,70,1,16865767
4/12/2000,13466748,,60,1,13466748
4/8/2000,13032646,,54,1,13032646
4/5/2000,10729655,,46,1,10729655
4/1/2000,11377659,,40,1,11377659
3/29/2000,9187775,,34,1,9187775
3/25/2000,9699923,,28,1,9699923
3/22/2000,8207077,,23,1,8207077
3/18/2000,8832165,,18,1,8832165
3/15/2000,7595591,,14,1,7595591
3/11/2000,8552240,,12,1,8552240
3/8/2000,8597558,,10,1,8597558
3/4/2000,77092846,,150,1,77092846
3/1/2000,43695461,,100,1,43695461
2/26/2000,24206015,,83,1,24206015
2/23/2000,17993097,,70,1,17993097
2/19/2000,14950267,,60,1,14950267
2/16/2000,12069606,,51,1,12069606
2/12/2000,10972799,,45,1,10972799
2/9/2000,8744437,,38,1,8744437
2/5/2000,9164858,,33,1,9164858
2/2/2000,7435126,,28,1,7435126
1/29/2000,7890695,,24,1,7890695
1/26/2000,6415603,,19,1,6415603
1/22/2000,7159403,,16,1,7159403
1/19/2000,6207533,,14,1,6207533
1/15/2000,7022703,,12,1,7022703
1/12/2000,6083918,,10,1,6083918
1/8/2000,8933349,,32,1,8933349
1/5/2000,7341947,,27,1,7341947
1/1/2000,8320166,,23,1,8320166
12/29/1999,7057116,,19,1,7057116
12/25/1999,6838956,,16,1,6838956
12/22/1999,6705382,,14,1,6705382
12/18/1999,7228949,,12,1,7228949
12/15/1999,6570626,,10,1,6570626
12/11/1999,11142915,,48,1,11142915
12/8/1999,9571667,,42,1,9571667
12/4/1999,9559328,,37,1,9559328
12/1/1999,8258573,,32,1,8258573
11/27/1999,7966471,,27,1,7966471
11/24/1999,7580900,,23,1,7580900
11/20/1999,7864316,,19,1,7864316
11/17/1999,6724712,,16,1,6724712
11/13/1999,7528591,,14,1,7528591
11/10/1999,6496770,,12,1,6496770
11/6/1999,7262748,,10,1,7262748
11/3/1999,6631815,,10,1,6631815
10/30/1999,14177548,,61,1,14177548
10/27/1999,11463916,,53,1,11463916
10/23/1999,10976254,,46,1,10976254
10/20/1999,9173932,,40,1,9173932
10/16/1999,9232452,,34,1,9232452
10/13/1999,7728665,,29,1,7728665
10/9/1999,8404123,,25,1,8404123
10/6/1999,7033357,,19,1,7033357
10/2/1999,7794517,,16,1,7794517
9/29/1999,6546234,,14,1,6546234
9/25/1999,7286141,,12,1,7286141
9/22/1999,6411063,,10,1,6411063
9/18/1999,10374333,,41,1,10374333
9/15/1999,8675114,,36,1,8675114
9/11/1999,9199393,,31,1,9199393
9/8/1999,7558521,,25,1,7558521
9/4/1999,8558281,,21,1,8558281
9/1/1999,7038882,,16,1,7038882
8/28/1999,7711916,,14,1,7711916
8/25/1999,6730374,,12,1,6730374
8/21/1999,7656491,,10,1,7656491
8/18/1999,8709488,,32,1,8709488
8/14/1999,9132088,,27,1,9132088
8/11/1999,7793571,,21,1,7793571
8/7/1999,8304029,,17,1,8304029
8/4/1999,7239467,,14,1,7239467
7/31/1999,7909455,,12,1,7909455
7/28/1999,6957291,,10,1,6957291
7/24/1999,10049501,,34,1,10049501
7/21/1999,8658223,,27,1,8658223
7/17/1999,9302002,,23,1,9302002
7/14/1999,8038837,,18,1,8038837
7/10/1999,8504270,,14,1,8504270
7/7/1999,7259169,,12,1,7259169
7/3/1999,8822458,,10,1,8822458
6/30/1999,69797117,,145,1,69797117
6/26/1999,39028119,,100,1,39028119
6/23/1999,23185915,,88,1,23185915
6/19/1999,18460078,,77,1,18460078
6/16/1999,14508839,,67,1,14508839
6/12/1999,12952631,,58,1,12952631
6/9/1999,10935748,,50,1,10935748
6/5/1999,10769114,,45,1,10769114
6/2/1999,8445202,,39,1,8445202
5/29/1999,9330645,,34,1,9330645
5/26/1999,7784487,,29,1,7784487
5/22/1999,8497797,,25,1,8497797
5/19/1999,7359468,,21,1,7359468
5/15/1999,7955354,,17,1,7955354
5/12/1999,6768893,,14,1,6768893
5/8/1999,7643960,,12,1,7643960
5/5/1999,6774362,,10,1,6774362
5/1/1999,11593486,,47,1,11593486
4/28/1999,9901613,,41,1,9901613
4/24/1999,9897769,,36,1,9897769
4/21/1999,8564553,,30,1,8564553
4/17/1999,9148038,,25,1,9148038
4/14/1999,7622055,,20,1,7622055
4/10/1999,8226441,,17,1,8226441
4/7/1999,7177646,,14,1,7177646
4/3/1999,8360740,,12,1,8360740
3/31/1999,7322218,,10,1,7322218
3/27/1999,19708296,,70,1,19708296
3/24/1999,14840912,,60,1,14840912
3/20/1999,13529791,,52,1,13529791
3/17/1999,10541640,,45,1,10541640
3/13/1999,10903897,,40,1,10903897
3/10/1999,8617808,,34,1,8617808
3/6/1999,9222965,,28,1,9222965
3/3/1999,7803698,,24,1,7803698
2/27/1999,8470042,,20,1,8470042
2/24/1999,6968169,,16,1,6968169
2/20/1999,7864156,,14,1,7864156
2/17/1999,6590645,,12,1,6590645
2/13/1999,7483417,,10,1,7483417
2/10/1999,8212966,,28,1,8212966
2/6/1999,8967548,,24,1,8967548
2/3/1999,7427052,,19,1,7427052
1/30/1999,8202179,,16,1,8202179
1/27/1999,6924878,,14,1,6924878
1/23/1999,7790750,,12,1,7790750
1/20/1999,7014150,,10,1,7014150
1/16/1999,16686911,,66,1,16686911
1/13/1999,13247846,,57,1,13247846
1/9/1999,12142102,,50,1,12142102
1/6/1999,9912637,,45,1,9912637
1/2/1999,9020255,,40,1,9020255
12/30/1998,8823368,,35,1,8823368
12/26/1998,8256426,,30,1,8256426
12/23/1998,8092329,,26,1,8092329
12/19/1998,8351633,,23,1,8351633
12/16/1998,7039503,,18,1,7039503
12/12/1998,7814176,,16,1,7814176
12/9/1998,6721399,,14,1,6721399
12/5/1998,7615053,,12,1,7615053
12/2/1998,6609741,,10,1,6609741
11/28/1998,8899079,,32,1,8899079
11/25/1998,8359112,,28,1,8359112
11/21/1998,8764402,,24,1,8764402
11/18/1998,7566242,,20,1,7566242
11/14/1998,8289110,,16,1,8289110
11/11/1998,6909549,,14,1,6909549
11/7/1998,7961543,,12,1,7961543
11/4/1998,6917311,,10,1,6917311
10/31/1998,11717759,,45,1,11717759
10/28/1998,9940196,,40,1,9940196
10/24/1998,9959954,,34,1,9959954
10/21/1998,8412139,,29,1,8412139
10/17/1998,9221381,,25,1,9221381
10/14/1998,7800856,,20,1,7800856
10/10/1998,8507048,,16,1,8507048
10/7/1998,7428276,,14,1,7428276
10/3/1998,8429487,,12,1,8429487
9/30/1998,7285309,,10,1,7285309
9/26/1998,12671213,,49,1,12671213
9/23/1998,10808216,,43,1,10808216
9/19/1998,10946062,,38,1,10946062
9/16/1998,9499322,,32,1,9499322
9/12/1998,9832220,,27,1,9832220
9/9/1998,8479801,,23,1,8479801
9/5/1998,9587273,,18,1,9587273
9/2/1998,8198291,,14,1,8198291
8/29/1998,9108702,,12,1,9108702
8/26/1998,8239264,,10,1,8239264
8/22/1998,13675013,,43,1,13675013
8/19/1998,11595849,,35,1,11595849
8/15/1998,12397921,,30,1,12397921
8/12/1998,10648205,,22,1,10648205
8/8/1998,11012912,,17,1,11012912
8/5/1998,10065520,,12,1,10065520
8/1/1998,12778842,,10,1,12778842
7/29/1998,210850582,,250,1,210850582
7/25/1998,100306918,,180,1,100306918
7/22/1998,59979949,,125,1,59979949
7/18/1998,32529149,,95,1,32529149
7/15/1998,20625320,,80,1,20625320
7/11/1998,16347727,,69,1,16347727
7/8/1998,13843758,,60,1,13843758
7/4/1998,12583535,,54,1,12583535
7/1/1998,10715561,,48,1,10715561
6/27/1998,10846115,,42,1,10846115
6/24/1998,8985832,,36,1,8985832
6/20/1998,9686833,,32,1,9686833
6/17/1998,8219689,,28,1,8219689
6/13/1998,8764267,,24,1,8764267
6/10/1998,7474819,,19,1,7474819
6/6/1998,8246564,,16,1,8246564
6/3/1998,7414854,,14,1,7414854
5/30/1998,8078978,,12,1,8078978
5/27/1998,6933812,,10,1,6933812
5/23/1998,9192941,,10,1,9192941
5/20/1998,138549398,,175,1,138549398
5/16/1998,61984620,,113,1,61984620
5/13/1998,32046086,,85,1,32046086
5/9/1998,22360263,,70,1,22360263
5/6/1998,14567820,,58,1,14567820
5/2/1998,14000936,,50,1,14000936
4/29/1998,10543200,,44,1,10543200
4/25/1998,10076622,,39,1,10076622
4/22/1998,8382167,,33,1,8382167
4/18/1998,8519890,,29,1,8519890
4/15/1998,7209218,,25,1,7209218
4/11/1998,8021762,,21,1,8021762
4/8/1998,6562674,,18,1,6562674
4/4/1998,7613970,,16,1,7613970
4/1/1998,6295816,,14,1,6295816
3/28/1998,7158322,,12,1,7158322
3/25/1998,6113886,,10,1,6113886
3/21/1998,9121170,,28,1,9121170
3/18/1998,7717612,,23,1,7717612
3/14/1998,8390526,,19,1,8390526
3/11/1998,6854234,,16,1,6854234
3/7/1998,8045505,,14,1,8045505
3/4/1998,6847576,,12,1,6847576
2/28/1998,8074956,,10,1,8074956
2/25/1998,15260981,,55,1,15260981
2/21/1998,13963082,,48,1,13963082
2/18/1998,10745471,,40,1,10745471
2/14/1998,10601927,,35,1,10601927
2/11/1998,8638951,,30,1,8638951
2/7/1998,8938844,,26,1,8938844
2/4/1998,7362067,,21,1,7362067
1/31/1998,8046572,,18,1,8046572
1/28/1998,6537272,,16,1,6537272
1/24/1998,7465361,,14,1,7465361
1/21/1998,6249225,,12,1,6249225
1/17/1998,7193526,,10,1,7193526
1/14/1998,6138176,,10,1,6138176
1/10/1998,7496539,,10,1,7496539
1/7/1998,8075392,,25,1,8075392
1/3/1998,8460240,,20,1,8460240
12/31/1997,7950903,,17,1,7950903
12/27/1997,7192612,,14,1,7192612
12/24/1997,7694837,,12,1,7694837
12/20/1997,8044227,,10,1,8044227
12/17/1997,21397198,,66,1,21397198
12/13/1997,16514796,,58,1,16514796
12/10/1997,12212548,,48,1,12212548
12/6/1997,12018444,,41,1,12018444
12/3/1997,9472670,,35,1,9472670
11/29/1997,8820896,,30,1,8820896
11/26/1997,8094383,,26,1,8094383
11/22/1997,8318146,,22,1,8318146
11/19/1997,6676271,,18,1,6676271
11/15/1997,7501534,,16,1,7501534
11/12/1997,6216170,,14,1,6216170
11/8/1997,7133163,,12,1,7133163
11/5/1997,5829678,,10,1,5829678
